"id","id_ex","siret","rup_mi","gestion","date_creat","date_decla","date_publi","date_disso","groupement","objet","adrs_libvoie","adrs_codepostal","adrs_libcommune","siteweb","position","objet_cat","objet_list","nom","annee_creat","membres","benefices"
"W033000959","0033007317","","","635S","2002-09-11","2012-03-30","2002-09-28","0001-01-01","S","Echange de savoirs et de connaissances.","Chez Mme LEBRATI Reine  ","63290","Lachaux","","A","002","['002015', '000000']","ZANKE","2002",200,29384
"W032001345","0032005206","","","032P","2003-07-02","2005-02-02","1901-07-01","0001-01-01","S","Promotion du bien être pour les personnes qui en ont besoin et l'aide technique à la réalisation de ces besoins","","03210","Souvigny","","A","006","['006000', '000000']","PI ASSOCIATION TRANSFEREE A PARIS","2003",121,22302
"W031003191","","","","031S","2017-11-14","2017-11-14","2017-11-25","0001-01-01","S","susciter le don volontaire et bénévole du sang","Mairie 1 PL de la Mairie","03350","Cérilly","","A","017","['017065', '000000']","AMICALE DES DONNEURS DE SANG DE CER...","2017",163,4315
"W032000751","0032001681","","","032P","1968-10-29","2021-11-07","1968-11-16","0001-01-01","S","Cantine","8   RUE DES VARENNES","03140","Saint-Germain-de-Salles","","A","022","['022510', '000000']","CANTINE SCOLAIRE DE SAINT GERMAIN D...","1968",41,12328
"W032003451","","","","032P","2017-09-17","2017-09-17","2017-09-30","0001-01-01","S","animer des spectacles musicaux","LA COUR EN CHEVRAY","03230","Chézy","","A","006","['006030', '000000']","TAPATA BLUES","2017",28,15168
"W033002263","0033005917","","","033S","1993-10-21","1993-10-21","1993-12-08","0001-01-01","S","Aider les demandeurs d'emploi, les précaires et les rmistes dans leurs démarches administratives...","2 RUE d'Oran","03200","Vichy","","A","019","['019040', '019040']","PARTAGE","1993",14,5191
"W033003891","","","","033S","2017-08-23","2023-01-06","2017-09-02","0001-01-01","S","l'organisation de courses de tracteurs tondeuses et différentes manifestations","LD la Molette","03150","Sanssat","","A","006","['006000', '000000']","LES FOUS DU GAZON","2017",189,25271
"W032000995","0032005339","","","032P","2004-08-02","2012-02-28","2004-08-21","2012-01-13","S","Rassembler les membres actifs et retraités de la maison de retraite de Chantelle...","18 PL de la Chaume","03140","Chantelle","","D","014","['014030', '000000']","AMICALE DE LA MAISON DE RETRAITE DE...","2004",41,3435
"W031003290","","","","031S","2018-10-08","2022-09-02","2018-10-20","0001-01-01","S","valoriser les évènements festifs","Mairie 8 RUE de l Eglise","03410","Prémilhat","","A","006","['006100', '000000']","C'PARTY","2018",17,10097
"W031002416","","","","031S","2012-08-29","2012-08-29","2012-09-08","0001-01-01","S","entretenir des liens d'amitié ; organiser des activités festives ou culturelles ; engager si nécessaire des actions solidaires d'aide aux personnes","mairie 6 PL de la Toque","03380","Huriel","","A","014","['014080', '000000']","AMICALE DES CLASSES 55 A 59","2012",143,10675
"W032001128","0032005320","","","032P","2004-06-03","2004-06-03","2004-07-03","0001-01-01","S","promouvoir parmi ses adhérents ainsi que ds le public la connaissance de la nature et de la necessité de sa sauvegarde","","03210","Saint-Menoux","","A","024","['024000', '000000']","CONNAITRE ET PARTAGER LA NATURE LA ...","2004",117,18362
"W031000955","","","","031S","2008-01-22","2008-01-22","0001-01-01","2009-01-22","S","soutenir la liste d'union de gauche aux municipales de lavault-sainte-anne 2008 et oeuvrer pour renforcer la justice sociale et la participation démocratique de tous les lavaultois","33 RUE de la Côte du Theil","03100","Lavault-Sainte-Anne","","A","001","['001015', '000000']","LAVAULT 2008","2008",192,21549
"W032002820","0032004669","","","032P","1999-11-26","2013-05-14","1999-12-25","2013-04-18","S","groupement d'employeurs","LD Le Marquisat","03500","Paray-sous-Briailles","","D","014","['014000', '000000']","GROUPEMENT D'EMPLOYEURS DU MARQUISAT","1999",193,4856
"W033001464","0033006763","","","033S","1998-05-18","1998-05-18","1998-06-13","0001-01-01","S","Association d'ophtalmologie ayant pour but la formation medico chirurgicale continue, la recherche et l'enseignement en ophtalmologie","127   BD Etats Unis","03200","Vichy","","A","017","['017200', '017000']","OPHTALMOLOGIE CENTRE EUROPE ET FRAN...","1998",114,16165
"W032002037","0032000272","","","032P","1926-06-28","2019-08-27","1926-07-08","0001-01-01","S","Peche","mairie 31 la Grande Rue","03140","Voussac","","A","013","['013010', '000000']","AAPPMA  \""LA GAULE DU VENANT\"" VOUSSAC","1926",181,14974
"W033003363","","","","033S","2013-09-16","2013-09-16","2013-11-02","0001-01-01","S","organisation d'animation et mise en oeuvre de tournois et/ou de rencontres amicales au sein du Bowling Sud Allier de Cusset","4 RUE Ampère","03300","Cusset","","A","011","['011192', '000000']","AMICALE DE BOWLING DE CUSSET","2013",187,14115
"W031002640","","","","031S","2014-05-19","2014-12-12","2014-05-31","0001-01-01","S","promouvoir la culture dans le milieu rural ainsi que la création chorégraphique","11 RTE de Paris","03190","Reugny","","A","006","['006100', '000000']","C'KAFEJ","2014",152,8278
"W032001690","0032003740","","","032P","1993-02-18","2005-06-28","1993-03-17","0001-01-01","S","Mise en forme et bon deroulement des activites necessaires au bien etre des residents","","03290","Dompierre-sur-Besbre","","A","021","['021020', '000000']","LE HAVRE D'AUTOMNE","1993",165,5505
"W033007217","","","","033S","2019-04-02","2021-06-04","2019-04-13","2021-02-24","S","accompagner dans la parentalité en mettant en place des ateliers pratiques, des temps de rencontres et d'échanges autour de réunion d'informations","17 CHEM1 de Lafont","03300","Cusset","","D","007","['007075', '000000']","ADDN","2019",39,23108
"W032003382","","","","032P","2017-02-27","2020-02-19","2017-03-11","0001-01-01","S","développer la pratique et la connaissance de la pétanque en vue de compétitions chez les jeunes enfants, adolescents et adultes dans le cadre de rencontres et d'échanges","mairie PL du Général Hoche","03240","Le    Montet","","A","011","['011035', '000000']","ECOLE DE PETANQUE LE MONTET","2017",125,2273
"W033000182","0033005014","","","033S","1989-01-13","2017-10-12","1989-02-22","2017-09-20","S","promouvoir en toute neutralité et en toute independance la vie culturelle de la cité","Centre Eric Tabarly B RUE du Champ d'Auger","03300","Cusset","","D","006","['006020', '006070']","LES PEINTRES ET SCULPTEURS DE LA TOUR","1989",28,12887
"W031000908","0031004938","","","031S","2003-11-24","2023-01-17","2003-12-20","0001-01-01","S","Dynamiser et développer la pratique sportive ; développer l'apprentissage de la vie associative","Collège François Rabelais","03310","Néris-les-Bains","","A","011","['011000', '011010']","ASSOCIATION SPORTIVE COLLEGE NERIS-...","2003",170,18528
"W032001807","0032000311","","","032P","1927-02-08","2016-11-09","1927-02-24","0001-01-01","S","Tennis","Mairie PL de l'Hôtel de Ville","03160","Bourbon-l'Archambault","","A","011","['011165', '000000']","TENNIS CLUB BOURBONNAIS","1927",195,18381
"W033003594","","","","033S","2015-05-06","2015-05-06","2015-05-16","0001-01-01","S","proposer et réaliser des évènements privés ou publiques pour cibles diverses (particuliers, entreprises, comités des fêtes...)","17 RUE de la Mairie","03300","Creuzier-le-Vieux","","A","006","['006000', '000000']","ASSOCIATION DES ANCIENNES SONO DE V...","2015",133,16903
"W032000820","0032002379","","","032P","1980-03-03","2019-12-18","1980-03-09","0001-01-01","S","Organisation et animation des festivités de la commune","Mairie","03000","Bressolles","","A","009","['009030', '000000']","COMITE DES FETES DE BRESSOLLES","1980",83,4529
"W033000867","0033007394","","","033S","2003-03-10","2018-04-11","2003-04-26","0001-01-01","S","Organiser la défense des intérêts des résidents sur toutes les questions concernant les problèmes de l'habitat et de l'urbanisme.","  Bât. E - n° 56 - HLM Clair Matin - 2ème","03120","Lapalisse","","A","014","['014035', '000000']","AMICALE CNL DES LOCATAIRES CLAIR MA...","2003",41,14509
"W033001311","0033006937","","","033S","1999-10-21","1999-10-21","1999-11-20","0001-01-01","S","Promouvoir la reflexion sur les grands themes de la modernite par la reunion, le debat, la convivialite et la mediatisation.","4   RUE Copere","03200","Vichy","","A","014","['014000', '000000']","CLUB IDEES ALBERT LONDRES","1999",114,3938
"W033001612","0033005924","","","033S","1993-10-29","1996-01-11","1993-11-17","0001-01-01","S","Réunir les pratiquants du jeu de rôles grandeur nature et promouvoir ce jeu.","  15 LA SIGILONNIERE","03800","Gannat","","A","006","['006100', '006100']","LA CLEF D'ARGENT","1993",190,15664
"W032006954","","","","032P","2021-07-07","2022-02-16","2021-07-13","2022-02-11","S","la création et la gestion administrative , financière et morale d'une maison d'assistant(e)s maternel(le)s tenue par des assistant(e)s maternel(le)s agréé(e)s","5 RUE de la République","03140","Chantelle","","D","021","['021005', '000000']","MAM'AGIQUE","2021",36,16928
"W033007747","","","","033S","2023-07-06","2023-07-06","0001-01-01","0001-01-01","S","pratiquer le yoga, l'art, le chant, la danse, la musique, la sono thérapie, former ; donner des stages, organiser des séjours, conférence, philosophie, cuisine","24 IMP Vincent d'Indy","03800","Gannat","","A","007","['007085', '006000']","YOGA DU LOTUS","2023",166,27605
"W033002218","0033005191","","","033S","1989-12-06","2019-02-13","1989-12-27","0001-01-01","S","Creer, gerer, animer un club de retraites","MAIRIE","03220","Chavroches","","A","009","['009040', '009000']","AU PIED DU CHATEAU","1989",185,11181
"W032006680","","","","032P","2018-11-12","2023-01-25","2018-11-24","0001-01-01","S","rassembler 3 assistantes maternelles agréées dans l'exercice de leur profession afin d'accueillir des enfants dans un local commun et d'organiser ponctuellement ou régulièrement des activités d'éveil","47 RUE des Fossés","03500","Saint-Pourçain-sur-Sioule","","A","021","['021005', '000000']","MAM","2018",173,15598
"W031000959","0310001918","","","031S","1972-03-02","2011-09-29","1972-03-16","0001-01-01","S","Conserver et renforcer les liens d'amitié et de camaraderie qui unissent les anciens marins.","4 RUE Lavoisier","03600","Commentry","","A","038","['038110', '000000']","AMICALE DE MARINS ET MARINS ANCIENS...","1972",131,16384
"W033001582","0033006660","","","033S","1997-06-09","2022-11-28","1997-07-12","0001-01-01","S","Ameliorer certaines activites : arbre de noel, voyages, jmf, etc","  MAIRIE","03130","Saint-Didier-en-Donjon","","A","015","['015005', '009000']","ASSOCIATION DE PARENTS D'ELEVES DU...","1997",168,9350
"W033002462","","","","033S","2007-10-23","2017-04-03","2007-11-03","0001-01-01","S","organiser diverses manifestations afin de collecter des fonds pour soutenir la recherche des maladies leuco dystrophiques","mairie  ","03130","Le Bouchaud","","A","017","['017210', '000000']","ENSEMBLE AVEC VINCENT","2007",152,5569
"W033002222","0033004180","","","033S","1984-01-11","2022-11-29","1984-01-21","0001-01-01","S","Pratique du sport, de la pétanque dans l'entente la plus cordiale.","RUE de l'Eglise","03800","Saulzet","","A","011","['011035', '000000']","LA PETANQUE SAULZETOISE","1984",122,9187
"W032002042","0032001281","","","032P","1957-10-15","2011-07-26","1957-10-23","2011-06-10","S","Vie scolaire","23 RUE des Durantats","03000","Moulins","","D","015","['015000', '000000']","ASSOCIATION DES ENSEIGNANTS ET AMIS...","1957",80,26195
"W032000275","0032002183","","","032P","1977-11-02","2022-04-28","1977-11-13","0001-01-01","S","Retraites","MAIRIE  ","03230","Garnat-sur-Engièvre","","A","009","['009040', '000000']","CLUB RETRAITES GARNAT-SAINT-MARTIN...","1977",143,3772
"W033000673","0033001509","","","033S","1951-09-20","2016-07-05","1951-10-11","0001-01-01","S","Organisation de la chasse, lutte contre le braconnage, repeuplement des territoires de chasse et protection du gibier.","  Mairie","03220","Treteau","","A","013","['013005', '000000']","ASSOCIATION COMMUNALE DE CHASSE","1951",108,2067
"W031001231","","","","031S","2008-11-18","2009-06-09","2009-01-31","0001-01-01","S","participation au raid 4L Trophy 2010, action humanitaire qui vise à amener des fournitures scolaires à Marrakech au Maroc en traversant la France, l'Espagne et le désert Sud-marocain en 4L","IUT de Montlucon département GLT AV aristide Briand","03100","Montluçon","","A","020","['020015', '000000']","LES 4 ELANCES","2008",30,11072
"W033001114","0033007170","","","033S","2001-06-28","2001-06-28","2001-07-14","0001-01-01","S","Constituer et gerer un portefeuille de placements en parts sociales ou en actions , de consentir des prets sans interet.","Chez thierry tailhandier   BD du gravier - Porte saint-antoine","03300","Cusset","","A","023","['023004', '009050']","CLUB D'INVESTISSEMENT SOLIDAIRE","2001",98,16925
"W031002824","","","","941P","2015-10-26","2022-01-30","2015-11-07","0001-01-01","S","création et organisation d'évènements culturels divers tels que des spectacles, élections de miss et mister, lotos","23 IMP du Haut des Pendants","94440","Santeny","","A","006","['006000', '000000']","LES MODELES DE LAURENCE","2015",142,22179
"W031001299","","","","031S","2009-01-19","2009-01-19","2009-03-07","0001-01-01","S","promouvoir la culture en Auvergne et dans les régions avoisinantes et notamment l'histoire et les évènements historiques qui se rapportent à cette région","95 rue Jean Jaurès","03600","Commentry","","A","009","['009000', '000000']","ECA","2009",84,17014
"W032007171","","","","032P","2023-05-12","2023-05-12","2023-05-23","0001-01-01","S","promouvoir la famille à travers des actions diverses","19 RUE de Villars","03000","Moulins","","A","040","['040000', '000000']","AFC DE DOMPIERRE","2023",148,4497
"W033007637","","","","033S","2022-10-14","2022-10-14","2022-10-18","0001-01-01","S","promouvoir vichy dans la continuation du classement unesco","18 RUE Desbrest","03200","Vichy","","A","010","['010000', '000000']","A.P.V.","2022",169,13082
"W033003536","0033004823","","","033S","1988-01-11","2018-12-20","1988-01-11","0001-01-01","S","organisation d'activités engageant tout ou partie des classes de l'école pendant ou en dehors des heures scolaires","ECOLE J.B. BURLOT RUE J.B. BURLOT","03700","Bellerive-sur-Allier","","A","015","['015000', '000000']","COOPERATIVE SCOLAIRE DE L'ECOLE J....","1988",53,7440
"W033003218","","","","033S","2012-06-15","2019-02-28","2012-06-23","0001-01-01","S","pratiquer et encourager l'activité touristique à vélo en général sur route à VTT ou VTC","Mairie 2 RUE Maurice Dupont","03150","Saint-Gérand-le-Puy","","A","011","['011000', '011180']","ACSG","2012",107,16262
"W033001645","0033006071","","","033S","1994-07-21","2019-07-15","1994-08-10","0001-01-01","S","Pratique sportive du badminton, formation et perfectionnement des animateurs","  PL de l'Hôtel de Ville","03150","Varennes-sur-Allier","","A","011","['011030', '000000']","VARENNES BADMINTON CLUB (V.B.C)","1994",88,14424
"W032001919","","","","032P","2008-05-05","2016-09-30","2008-05-17","0001-01-01","S","promotion de la culture par des moyens diversifiés","14   RUE François Péron","03000","Moulins","","A","006","['006000', '000000']","L'ANGE ASSIS, L'AIMANT BLEU","2008",70,10809
"W033001450","0033006753","","","033S","1998-03-18","2022-02-03","1998-04-18","2022-01-31","S","Entretenir des liens entre les jeunes ; organiser des sorties sportives et culturelles ; participer a la vie de la commune","SALLE DES JEUNES   LE BOURG","03250","Laprugne","","D","009","['009005', '000000']","ASSOCIATION DES JEUNES DE LAPRUGNE","1998",60,16438
"W031000856","0031003189","","","031S","1988-06-06","2011-05-10","1988-07-13","2011-04-29","S","Donner de l'animation a la ville d'Ainay leChateau en permettant aux habitants, adultes et enfants, d'occuper leur temps libre à diverses animations","RUE des Mazes","03360","Saint-Bonnet-Tronçais","","D","007","['007000', '007075']","ASSOCIATION CULTURE ET LOISIRS","1988",6,28627
"W033007574","","","","033S","2022-03-28","2022-03-28","2022-04-05","0001-01-01","S","la réflexion, la formation, le développement intellectuel autour de la fructification de l'épargne de chacun","5 RUE du clos Dallon","03300","Creuzier-le-Vieux","","A","023","['023000', '000000']","ADOPTE UNE INTELLIGENCE FINANCIÈRE","2022",159,6138
"W033007571","","","","033S","2022-03-25","2022-03-25","2022-04-05","0001-01-01","S","promouvoir le musée boucheix et le rayonnement des oeuvres du maître françois boucheix, chevalier des arts et des lettres","7 RUE Sornin","03200","Vichy","https://boucheix-musee.com","A","006","['006100', '000000']","MUSÉE BOUCHEIX","2022",81,22277
"W033003242","0033003497","","","033S","1978-06-21","2017-10-09","1978-06-29","2017-09-10","S","favoriser la protection et le repeuplement du gibier, la répression du braconnage, la destruction des animaux nuisibles et la défense des intérêts agricoles","35 RUE du Château","03110","Charmeil","","D","013","['013000', '000000']","SOCIÉTÉ DE CHASSE DE CHARMEIL","1978",138,23948
"W031006741","","","","031S","2023-03-16","2023-03-16","2023-03-28","0001-01-01","S","promouvoir la danse dans différentes structures ; faire de l'évènementiel (spectacles, concerts, etc.) bénévolement","Mairie 25 RUE de la République","03190","Estivareilles","","A","006","['006040', '000000']","SEKELE'DANSE COMPAGNIE","2023",69,25175
"W032007176","","","","032P","2023-05-24","2023-05-24","2023-05-30","0001-01-01","S","organiser des actions communes pour les femmes (exemples : journée de la femme, octobre rose)","1518 RTE des Trèfoux","03230","Thiel-sur-Acolin","","A","019","['019000', '000000']","POUR ELLES","2023",157,24235
"W033003717","","","","033S","2016-03-15","2016-03-15","2016-04-02","0001-01-01","S","a pour but d'assurer la promotion et la diffusion de la culture et de l'art musical et de promouvoir la pratique amateur de la musique pour tout public : organisation de concerts et de festivals","33 RUE de Moulins","03260","Saint-Germain-des-Fossés","http://www.facebook.fr/lesguizmo","A","006","['006030', '000000']","LES GUIZMO","2016",151,26529
"W033001807","0033005989","","","033S","1994-02-21","1994-02-21","1994-04-06","0001-01-01","S","Association a vocation agricole afin de proceder a l'affutage des pieux.","  Pré Juillet","03150","Boucé","","A","010","['010022', '000000']","AFFUTE-PIEUX BOUCETOIS","1994",69,17744
"W031000948","0031004797","","","031S","2002-09-02","2005-03-24","2002-09-28","0001-01-01","S","Promouvoir des actions servant les intérêts de l'EDSM FOOTBALL sous toutes ses formes","1 QUAI Barbés","03100","Montluçon","","A","011","['011000', '011075']","LES AMIS DE L'EDSM FOOTBALL","2002",200,17778
"W032001063","0032005241","","","032P","2003-10-23","2011-11-03","2003-11-29","0001-01-01","S","Sauvegarde et rénovation du château de Saint Augustin","","03320","Château-sur-Allier","","A","010","['010015', '000000']","LES AMIS DE SAINT AUGUSTIN","2003",35,16788
"W031002504","","","","031S","2013-04-30","2013-04-30","2013-05-11","0001-01-01","S","la valorisation et la promotion de la race blonde d'aquitaine en france","","03420","Saint-Fargeol","","A","010","['010022', '000000']","ASSOCIATION BLONDES DES COMBRAILLES","2013",69,16956
"W031001057","0031003880","","","031S","1994-12-15","2017-03-10","0001-01-01","0001-01-01","S","Assurer les relations entre les étudiants, les professeurs et la direction du département, informer de toutes les manifestations étudiantes et culturelles, organiser des manifestations.","AV Aristide Briand","03100","Montluçon","","A","015","['015065', '000000']","ASSOCIATION DES ETUDIANTS EN GENIE ...","1994",110,20651
"W032003401","","","","032P","2017-04-10","2017-04-10","2017-04-15","0001-01-01","S","soutenir et développer la recherche en musicothérapie et en holopsonie certains jeudis dans l'année","LD Le pont de l'Etau","03320","Lurcy-Lévis","","A","006","['006030', '000000']","LES JEUDIS DE LURCY","2017",131,21939
"W032000843","0032003140","","","032P","1988-02-26","2020-02-17","1988-03-23","0001-01-01","S","Organisation des festivites de la commune","Mairie le Bourg","03240","Saint-Sornin","","A","009","['009030', '000000']","COMITE DES FETES DE SAINT SORNIN","1988",74,29877
"W031000837","0031003958","","","031S","1995-05-19","2012-01-05","1995-06-21","0001-01-01","S","Ameliorer la vie des etudiants","I.U.T.","03100","Montluçon","","A","015","['015000', '015075']","BUREAU DES ETUDIANTS DU DEPARTEMENT...","1995",112,25344
"W032001243","0032004977","","","032P","2002-04-12","2009-08-25","2002-05-11","0001-01-01","S","S","","03140","Charroux","","A","006","['006020', '000000']","REGARDS BOURBONNAIS","2002",84,9159
"W032000734","0032005124","","","032P","2002-10-21","2009-04-01","2002-12-14","2008-12-12","S","organisation d'épreuves cyclistes","Mairie  ","03400","Yzeure","","D","011","['011180', '000000']","PACO","2002",136,24619
"W033000694","0033001367","","","033S","1948-09-25","2021-08-07","1948-10-07","0001-01-01","S","Pratique des sports et en particulier du football.","  Salle des fetes","03120","Isserpent","","A","011","['011075', '000000']","ASSOCIATION SPORTIVE D'ISSERPENT","1948",67,21862
"W033003375","","","","033S","2013-11-14","2013-11-14","2013-11-23","0001-01-01","S","gestion et fonctionnement du lotissement","CHEM1 des Brosses","03700","Bellerive-sur-Allier","","A","023","['023000', '000000']","ASSOCIATION DU CHEMIN DES BROSSES","2013",90,17831
"W031006478","","","","031S","2020-08-24","2020-08-24","2020-08-29","0001-01-01","S","l'accompagnement à la vie ludo-éducative et à la vie sociale en accompagnement individuel des personnes présentant un handicap","1 RUE des Prôts","03350","Le    Brethon","","A","014","['014070', '006000']","LA MUSE VAGABONDE","2020",100,12876
"W031002813","","","","031S","2015-09-23","2022-07-14","2015-10-10","0001-01-01","S","initiation à l'aquarelle","Maison des Associations Molière 12 RUE des Grands Prés","03100","Montluçon","","A","007","['007000', '000000']","COULEUR INDIG'EAU","2015",163,13512
"W033000103","0033000018","","","033S","1906-04-24","2021-09-27","1906-04-27","0001-01-01","S","Assurer l'exercice du culte reforme et pourvoir en tout ou en partie aux frais et besoins du culte et des divers services et activites qui peuvent s'y rattacher lEgalement","10   RUE Max Durand Fardel","03200","Vichy","","A","040","['040000', '040000']","ÉGLISE PROTESTANTE UNIE","1906",162,10656
"W032001612","0032003254","","","032P","1989-03-14","2008-11-26","1989-04-12","0001-01-01","S","Pratique du tennis","","03400","Gennetines","","A","011","['011165', '000000']","TENNIS CLUB DE GENNETINES","1989",59,17197
"W031002405","","","","031S","2012-07-09","2012-07-09","2012-07-21","0001-01-01","S","la promotion du mieux-être","17 RUE Porte Charrat","03450","Ébreuil","","A","007","['007085', '000000']","FEEL GOOD","2012",162,2543
"W033002231","0033002862","","","033S","1971-12-16","2005-01-14","1972-01-06","0001-01-01","S","Pratique de l'education physique et du tennis.","MAIRIE","03150","Varennes-sur-Allier","","A","011","['011165', '000000']","TENNIS CLUB VARENNOIS","1971",128,16351
"W032000578","0032002544","","","032P","1982-04-23","2006-08-02","1982-05-04","2006-06-26","S","Mettre a la disposition du discrit de moulins des ouvrages contribuant a leur formation pedagogique et a leur culture","Inspection académique   chateau de bellevue","03400","Yzeure","","D","006","['006005', '000000']","BIBLIO PEDAGO CIRCULANTE.MOULINS.","1982",114,11211
"W033002821","","","","033S","2009-05-13","2009-05-13","2009-06-13","0001-01-01","S","organisation des fêtes, manifestations et activités de loisirs, sport et culture, périodiques ou non, en vue de l'animation de la commune","Mairie 2 rue du Fournil","03800","Charmes","","A","009","['009030', '000000']","CHARMES EN FETES","2009",162,13515
"W032002122","","","","032P","2009-03-20","2017-01-20","2009-03-28","0001-01-01","S","organiser des repas dansants, soirée à thème","mairie 12 RUE de la mairie","03140","Étroussat","","A","006","['006040', '007060']","LES ANNEES FOLLES D'ETROUSSAT","2009",123,5811
"W032003218","","","","032P","2016-02-26","2019-12-24","2016-03-19","0001-01-01","S","mettre à disposition de ses adhérents un ou plusieurs salariés liés au groupement par un contrat de travail","LD les Blanchons","03340","Mercy","","A","014","['014035', '000000']","GROUPEMENT D'EMPLOYEURS A-C-A","2016",54,21872
"W031000054","0031003765",33792994700055.0,"","031S","1957-03-27","2023-03-30","1901-07-01","0001-01-01","S","Mise en oeuvre d'activites physiques d'éducation physique ou de plein air, sportives ou culturelles pour concourrir à la formation générale des adolescents et adolescentes de milieux non scolaires","29,   RUE de la République","03430","Cosne-d'Allier","","A","011","['011000', '007000']","COMITE DEPARTEMENTAL SPORT POUR TOUS","1957",54,18615
"W032000826","","","","032P","2006-12-22","2006-12-22","2007-01-13","0001-01-01","S","Réunir les conscrits de la classe 2009 de Diou afin d'organiser un bal","14 RTE de Dompierre","03290","Diou","","A","014","['014080', '000000']","CONSCRITS DE DIOU, CLASSE 2009","2006",100,24415
"W032003626","",84013288000013.0,"","032P","2018-05-14","2019-06-17","2018-05-26","0001-01-01","S","sauvegarde, promotion culturelle et scientifique, et mise en valeur de l'Arboretum de Balaine","Lieu Dit Balaine 1 LD Balaine","03460","Villeneuve-sur-Allier","http://www.arboretum-balaine.com","A","010","['010000', '000000']","LES AMIS DE L'ARBORETUM DE BALAINE","2018",104,20673
"W031002283","","","","031S","2011-08-08","2011-08-08","2011-09-10","0001-01-01","S","promouvoir la réflexion philosophique à travers la lecture et le commentaire des grands textes, spécialement Platon, Aristote, Spinoza, Hegel","50 RUE Camille Desmoulins","03630","Désertines","","A","002","['002015', '000000']","LES AMIS DE LA PHILOSOPHIE A DESERT...","2011",19,21541
"W031002577","","","","031S","2013-11-15","2022-11-14","2013-11-30","0001-01-01","S","organiser, promouvoir et développer des activités physiques et sportives adaptées ; promouvoir au même titre que le sport, des actions favorisant l'accès à la culture","Pôle AVS 4 AV Aristide Briand","03100","Montluçon","","A","011","['011018', '006000']","ASAC","2013",137,16438
"W033003839","","","","033S","2017-03-27","2017-03-27","2017-04-01","0001-01-01","S","a pour but la promotion de la cornemuse du centre France en particulier, des musiques en général, des expressions, de la culture, des loisirs et de l'art ;","18 LOT des Guynames","03700","Bellerive-sur-Allier","","A","006","['006030', '000000']","PVB","2017",67,11906
"W032000736","0032002184","","","032P","1977-11-07","2014-01-29","1977-11-17","2013-10-10","S","Assurer la gestion de la cantine","mairie  ","03000","Bressolles","","D","022","['022510', '000000']","CANTINE DE BRESSOLLES","1977",117,8104
"W031006334","0031000438","","","031S","2019-01-30","2019-03-04","1937-02-25","2019-02-26","S","football, basket-ball, athlétisme, natation","Mairie le bourg","03380","Treignat","","D","011","['011075', '000000']","UNION SPORTIVE TREIGNATOISE","2019",88,11978
"W031006308","","","","031S","2018-12-12","2020-12-11","2018-12-22","2020-12-09","S","enseigner différents styles de danse","4 RUE du duc de Berry","03190","Vaux","","D","006","['006040', '000000']","AVD","2018",67,21762
"W032001507","0032002657","","","032P","1983-09-07","2017-07-12","1983-09-10","0001-01-01","S","Assurer la liaison et les echanges d'informations avec la population d'ygrande","","03160","Ygrande","","A","014","['014000', '000000']","ACTION POUR LA PROMOTION D'YGRANDE","1983",66,10476
"W031006499","0031002970","","","031S","1986-07-08","2022-07-16","1986-07-30","0001-01-01","S","promouvoir la culture en milieu rural, en particulier le cinéma et les techniques de communication","Mairie AV Marx Dormoy","03190","Vallon-en-Sully","","A","006","['006025', '000000']","VALLON CULTURE CINÉMA","1986",175,8512
"W031000300","","","","031S","2006-07-18","2006-07-18","2006-08-12","0001-01-01","S","permettre la réalisation des initiatives et renforcer les liens entre personnes dans les domaines culturels, fêtes, loisirs, patrimoine, environnement et solidarité.","Mairie  ","03450","Chouvigny","","A","024","['024000', '014000']","ENSEMBLE AU PAYS DE CHOUVIGNY","2006",102,6223
"W033001093","0033007191","","","033S","2001-09-17","2001-09-17","2001-09-29","0001-01-01","S","Creer un club de supporters du racing club de vichy section rugby","Chez daniel's - bar tabac pmu 2   RUE bel air","03200","Vichy","","A","011","['011080', '000000']","'LES PASTILLOUS'  CLUB DES SUPPOR...","2001",139,19039
"W032000711","0032003644","","","032P","1992-06-16","2015-11-19","1901-07-01","0001-01-01","S","Rassembler les personnels","COLLEGE CHARLES PEGUY 2   RUE PAPE CARPANTIER","03000","Moulins","","A","023","['023000', '000000']","AMICALE PERSONNELS COLLEGE C. PEGUY","1992",79,23005
"W032000640","","","","032P","2006-09-19","2006-09-19","2008-10-07","0001-01-01","S","Toutes formes d'aides humanitaires au Liban, notamment aides aux écoles, aux instituts, aux familles, aux enfants, aux malades, aux handicapés et aux personnes âgées.","Chez Mlle Solange COLLAS   LD Pressoir-Ban","03210","Besson","","A","020","['020020', '000000']","LE ""LOUPIOT"" DU LIBAN","2006",102,5317
"W032007087","","","","032P","2022-09-17","2022-09-17","2022-09-27","0001-01-01","S","réunir une communauté de personnes qui sont issues de lunivers des jeux vidéos","Résidence Anima 2 AV du Professeur Etienne Sorrel","03000","Moulins","https://delzyionlife.fr","A","007","['007000', '000000']","DELZYION'LIFE","2022",144,18616
"W031002313","","","","583P","2011-12-01","2016-09-09","2011-12-10","2016-09-09","S","production d'évènements culturels ; production et promotion musicale","5 bis RUE Creuse","58000","Nevers","","D","006","['006030', '000000']","MAGNA NEXUS","2011",96,6195
"W033002362","0033003363","","","033S","1977-06-13","2023-02-02","1977-06-02","0001-01-01","S","Organiser des festivites dans la commune de sorbier","Mairie","03220","Sorbier","","A","009","['009030', '009030']","COMITE DES FETES","1977",94,2080
"W031002052","",53200865300018.0,"","031S","2011-02-10","2023-01-16","2011-02-26","0001-01-01","S","l'amitié, le respect et la solidarité entre moto et trike ; réunir et organiser des manifestations de toutes natures","mairie","03170","Chamblet","","A","007","['007000', '000000']","CRONY BAND","2011",22,13375
"W032001597","0032003881","","","032P","1994-03-22","2011-02-01","1994-04-06","0001-01-01","S","Orientation d'animation technique et de programme de formation et d'information activites necessites par la gestion du domaine des sallards","LD les Sallards","03400","Toulon-sur-Allier","","A","017","['017075', '000000']","ASSOCIATION DE GESTION DU DOMAINE D...","1994",144,8495
"W031002667","0031005016","","","031S","2004-07-09","2014-08-21","2004-07-31","2014-08-16","S","apprentissage de diverses danses mondiales ; organisation de spectacles mettant en pratique l'apprentissage prodigué","21 RUE Pierre Sémard","03100","Montluçon","","D","006","['006000', '000000']","ASSOCIATION CULTURELLE 'MULTIDANSES'","2004",172,17020
"W033002407","0033003918","","","033S","1982-04-01","2017-05-04","1982-04-11","0001-01-01","S","Maintenir et renouveler la tradition equestre qui se perpetue dans l'agglomeration vichyssoise depuis l'annee 1887 ; encourager l'elevage et l'entrainement des chevaux de sport...","106/108 RUE Jean Jaurès","03200","Vichy","","A","011","['011050', '000000']","JOURNEES EQUESTRES DE L'AGGLOMERAT...","1982",193,23947
"W033007341","","","","033S","2020-03-25","2020-03-25","2020-05-02","0001-01-01","S","développement de jeux vidéo, sites web et applications","42 RUE Claude Labonde","03150","Varennes-sur-Allier","https://rokware.com/","A","006","['006005', '000000']","ROKWARE STUDIO","2020",70,27663
"W031002602","0031002047","","","031S","1974-06-18","2014-01-16","1974-07-09","0001-01-01","S","permettre la pratique du tennis et favoriser celle-ci en suscitant des liens d'amitié entre ses membres","1 PL de la Mairie","03450","Ébreuil","","A","011","['011165', '000000']","TENNIS CLUB D'EBREUIL","1974",98,23132
"W031002414","","","","031S","2012-08-20","2022-04-04","2012-09-01","0001-01-01","S","mettre à disposition de ses adhérents un ou plusieurs salariés liés au groupement par un contrat de travail","72 CHEM1 des Vignes","03310","Villebret","","A","030","['030015', '000000']","GROUPEMENT D'EMPLOYEURS DE VILLEBRET","2012",30,3306
"W032007102","","","","032P","2022-10-05","2022-10-05","2022-10-11","0001-01-01","S","faire partager la passion de la pêche, les savoirs et les connaissances des uns et des autres","5 B RUE des Cailles","03500","Saulcet","","A","013","['013010', '000000']","LES PECHAYOUX 03","2022",197,28411
"W033003279","","","","033S","2012-12-14","2015-12-01","2012-12-22","0001-01-01","S","organisation d'évènements et toutes autres actions pour la promotion du Géocaching","Chalet Cantonal RUE Roger Dégoulange","03250","Le    Mayet-de-Montagne","","A","050","['050000', '050000']","MEGA EVENT GEOCACHING","2012",45,28959
"W033001988","0033006260","","","033S","1995-05-16","2019-11-04","1995-05-31","0001-01-01","S","Enseignement et pratique de l'art martial vietnamien viet vo dao, technique ou style son hai.","  MAIRIE","03120","Lapalisse","","A","011","['011150', '000000']","VIET VO DAO CLUB LAPALISSE","1995",187,21527
"W033002494","","","","033S","2007-12-06","2010-09-28","2007-12-15","2010-08-25","S","remettre de la vie dans le quartier (organisation de Noël, concours de belote, voyages, sorties organisées, vente de produits divers)","14   RUE Jean Moulin","03700","Bellerive-sur-Allier","","D","030","['030012', '000000']","REVEILLONS NOTRE QUARTIER","2007",26,19744
"W033002616","","","","033S","2008-05-06","2008-05-06","2008-05-24","0001-01-01","S","sensibiliser les usagers du permis B à la conduite de motocyclette légère de type permis A1 ainsi qu'à la sécurité","110   AV de Chazeuil","03150","Varennes-sur-Allier","","A","036","['036530', '022000']","BABY BIKE CLUB 125 VARENNOIS","2008",20,15153
"W032001465","0032002408","","","032P","1980-08-20","2022-11-29","1980-08-30","0001-01-01","S","Favoriser le rapprochement entre jeunes hommes exercant des professions differentes promouvoir les plus hautes valeurs morales que civiques","BOURBON STREET 11 RUE de la Batterie","03000","Moulins","","A","020","['020000', '000000']","TABLE RONDE N° 188 MOULINS","1980",60,1966
"W032002683","","","","032P","2012-06-07","2012-06-07","2012-06-16","0001-01-01","S","création d'un pôle de santé autour d'une maison de santé pluridisciplinaire à Lurcy Levis","Maison de Pays 72 BD Gambetta","03320","Lurcy-Lévis","","A","017","['017145', '000000']","UNION POUR LA SANTE AU PAYS DE LEVIS","2012",11,17340
"W033002888","","","","033S","2009-11-17","2017-09-14","2009-11-28","0001-01-01","S","renforcer les liens d'amitié unissant les joueurs de l'Association Sportive Gannatoise (A.S.G.)","Stade Roger Muyard","03800","Gannat","","A","011","['011080', '011004']","AMICALE DES JOUEURS DE RUGBY DE L'...","2009",178,17179
"W031001387","0031000846","","","031S","1947-09-05","2014-10-02","1947-10-03","0001-01-01","S","protection de la chasse, répression du braconnage","","03380","Treignat","","A","007","['007000', '013005']","SOCIETE DE CHASSE : LA PROTECTRICE","1947",115,19343
"W032002523","0032001369","","","032P","1960-06-25","2018-07-06","1961-03-16","0001-01-01","S","collecte de sang","","03210","Souvigny","","A","017","['017065', '000000']","ASSOCIATION POUR LE DON DE SANG BEN...","1960",101,15545
"W033002169","0033006216","","","033S","1995-03-16","1995-03-16","1995-05-17","0001-01-01","S","Encourager et favoriser toutes activites associatives, sportives, culturelles, ludiques ou sociales par des interventions actives...","38 AV de Vichy","03700","Bellerive-sur-Allier","","A","006","['006100', '007000']","ACTION, PROMOTION, INFORMATION, COM...","1995",71,22925
"W031002252","0031004524","","","031S","2000-06-15","2000-06-15","2000-07-08","0001-01-01","S","promouvoir le ski nautique de haut niveau par des stages, competitions et diverses manifestations","20 RUE des Roses","03410","Saint-Victor","","A","011","['011095', '000000']","SKI FLY EXTREME","2000",151,3894
"W031002881","","","","031S","2016-03-29","2017-12-15","2016-04-09","2017-12-01","S","favoriser le développement de la solidarité et du lien social par le biais d'échanges de biens, de services et de savoir dans le respect de la charte d'adhésion","Mairie PL Jean Jaurès","03170","Doyet","","D","014","['014000', '000000']","SEL DU BASSIN MINIER","2016",151,7337
"W031001277","0031003180",50892679700012.0,"","031S","1988-05-24","2017-09-28","1901-07-01","0001-01-01","S","Organiser, développer, en prolongement de l'éducation physique et sportive donnée pendant les heures de scolarité, l'initiation et la pratique sportives pour les élèves qui y adhèrent","","03380","Huriel","","A","011","['011000', '011010']","ASSOCIATION SPORTIVE DU COLLEGE D'...","1988",18,13757
"W032000286","0032002573","","","032P","1982-10-20","2005-02-04","1982-10-29","0001-01-01","S","RADIO","CHATEAU BIGNON  ","03160","Bourbon-l'Archambault","","A","005","['005000', '000000']","ASSOC BOURBON.POUR COMMUNIC. NOUVEL..","1982",123,27158
"W032001800","0032001714","","","032P","1969-04-21","2011-02-21","1969-05-24","0001-01-01","S","Organiser des spectacles, des réunions...","mairie le bourg","03230","Paray-le-Frésil","","A","009","['009030', '009030']","COMITE DES FETES DE PARAY LE FRESIL","1969",114,27981
"W033000397","","","","033S","2006-04-27","2006-04-27","2006-05-20","0001-01-01","S","Développer et promouvoir l'art et la culture, la communication, le respect entre les jeunes et les moins jeunes de La Paz (Bolivie) et l'Auvergne (France).","6   RUE de l'Hôtel des Postes","03200","Vichy","","A","009","['009050', '000000']","LA SAYA","2006",60,20250
"W032001684","0032003666","","","032P","1992-08-27","2017-08-01","1901-07-01","0001-01-01","S","Developpement de l'accueil chez les ruraux des enfants des villes","mairie 7 RUE des écoles","03160","Saint-Aubin-le-Monial","","A","034","['034240', '000000']","LE PETIT CAMPAGNARD","1992",102,12513
"W033001000","0033007277","","","033S","2002-04-02","2005-03-13","2002-04-20","0001-01-01","S","Decouverte des sites des monts de la madeleine, du pays d'urfe, du bourbonnais, des monts fu forez, et des sites alentours mitoyens. Randonnées organisées avec encadrement.","Chez M. Gérard SACCANI   Croix Cognat","03250","Châtel-Montagne","","A","034","['034210', '000000']","4 X 4 ET QUAD VERTS","2002",193,15545
"W031002712","","","","031S","2014-12-16","2019-11-22","2014-12-27","0001-01-01","S","échanges philosophiques","25 RUE d'Alembert","03100","Montluçon","","A","002","['002015', '000000']","APE 1332","2014",101,7415
"W033007373","","","","033S","2020-08-07","2020-08-07","2020-08-22","0001-01-01","S","identifier, rechercher, recenser, restaurer, entretenir, promouvoir le patrimoine et retracer l'histoire du village ; organiser des activités culturelles","Mairie Le bourg","03220","Trézelles","","A","010","['010022', '000000']","ASSOCIATION TRÉZELLOISE DU PATRIMOINE","2020",39,12515
"W033007307","","","","033S","2020-01-09","2020-01-09","2020-01-18","0001-01-01","S","promouvoir les danses et les rencontres ; apprendre les danses entre les membres ; organiser des soirées dansantes et des festivals de danse ; organiser des cours de danse","La Vernière","03130","Loddes","","A","006","['006040', '000000']","LIFE DANCE","2020",34,20569
"W031001684","","","","031S","2010-03-02","2012-05-29","2010-03-20","2012-04-30","S","créer et réaliser des clips musicaux","4 bis RUE de la Réunion","03100","Montluçon","","D","006","['006100', '000000']","CLIP CLAP","2010",9,13027
"W033000404","","","","033S","2006-05-12","2006-05-12","2006-06-03","0001-01-01","S","Demonstration de poursuite automobile sur terre en UFOLEP - Manifestations diverses.","  Le Revers des Bois","03300","Cusset","","A","011","['011160', '000000']","TEAM 03 ""CA GLISS""","2006",191,23328
"W031002408","","","","031S","2012-07-20","2016-01-26","2012-07-28","0001-01-01","S","enseigner et encadrer la pratique de la discipline boxe thaï et disciplines assimilées","La halle des sports 1 RUE Champollion","03100","Montluçon","","A","011","['011145', '000000']","THAÏ BOXE MONTLUCONNAIS","2012",193,17779
"W032001605","0032003232","","","032P","1989-01-10","2016-05-12","1989-02-15","0001-01-01","S","Promouvoir la recherche cardiologique et perfectionnement des praticiens","","03000","Moulins","","A","017","['017000', '000000']","CARDIO 2000","1989",94,17825
"W031006689","","","","031S","2022-09-27","2022-09-27","2022-10-04","0001-01-01","S","promouvoir des musiques innovantes, alternatives et expérimentales via un lieu de diffusion ; programmer des groupes, accueillir des artistes en résidences et créer un micro-label","3 RUE du Faubourg du Pont","03190","Hérisson","","A","006","['006100', '000000']","BRUIT ROSE","2022",177,22772
"W031001497","0031004069","","","031S","1996-05-06","2021-11-09","1996-05-29","0001-01-01","S","défendre le locataire lorsqu'il est dans son droit, l'aider dans la mesure de ses moyens,parlementer avec l'o.p.h.l.m et animer la cité en organisant des concours de pétanque,loto et voyages","62 RUE des Faucheroux","03100","Montluçon","","A","014","['014000', '032520']","AMICALE CGL DES LOCATAIRES","1996",26,7219
"W031001544","0031000949","","","031S","1949-05-03","2001-03-08","1949-05-15","0001-01-01","S","organisation de fêtes, d'expositions, de manifestations sportives, culturelles ou artistiques","Mairie","03350","Cérilly","","A","007","['007000', '009000']","CERILLY LOISIRS ANIMATIONS","1949",30,28678
"W033001128","0033007161","","","033S","2001-05-23","2001-05-23","2001-06-23","0001-01-01","S","Organisation de voyages, de marches et toutes activites de loisirs.","34   RTE de saint pourcain","03110","Charmeil","","A","007","['007080', '000000']","AMICALE NICOLE BARNABE","2001",188,16699
"W033000570","0033006964","","","033S","1999-12-16","2008-07-21","2000-01-15","2008-06-26","S","Créer des postes de travail destinés à des personnes en difficultés adressées par les prescripteurs à l'association.","23   RUE de Romainville","03300","Cusset","","D","030","['030010', '030050']","RECYPAL","1999",6,25567
"W033002653","","","","033S","2008-07-23","2008-07-23","2008-08-02","0001-01-01","S","organiser de manifestations conforme à la réglementation en vigueur afin d'aider l'Association Sportive Chassenard/Luneau","mairie   Le Bourg","03130","Luneau","","A","011","['011075', '000000']","AMICALE DU FOOT DE LUNEAU","2008",71,28922
"W033001586","0033006656","","","033S","1997-06-02","2015-11-16","1997-07-05","0001-01-01","S","organiser des manifestations telles que fêtes, bals, loto, jeux divers, manifestations culturelles, expositions artisanales ou artistiques,etc...animation de la commune en général","  MAIRIE","03120","Servilly","","A","002","['002010', '014000']","SERVILLY ANIMATION","1997",171,5541
"W032002746","1789","","","032P","1970-11-03","2012-12-13","1970-11-19","2012-11-30","S","parent d'éleves","mairie","03460","Villeneuve-sur-Allier","","D","015","['015065', '000000']","ASSOCIATION LAIQUE DES PARENTS D'E...","1970",14,11704
"W033001313","0033000395","","","033S","1927-12-18","2015-07-29","1928-01-15","0001-01-01","S","Pratique du football","  MAIRIE","03270","Saint-Yorre","","A","011","['011075', '011075']","STADE SAINT-YORRAIS","1927",125,1085
"W033002165","0033001956","","","033S","1959-10-21","2021-11-08","1959-11-11","0001-01-01","S","Servir un repas chaud aux enfants de l'école publique de Luneau dans un local spécialement aménagé à cet effet.","MAIRIE","03130","Luneau","","A","022","['022510', '022510']","CANTINE SCOLAIRE DE LUNEAU","1959",100,3805
"W032007148","","","","032P","2023-02-26","2023-02-26","2023-03-07","0001-01-01","S","secourir les enfants et adolescents orphelins et particulièrement ceux de l'association hondurienne «associacion comunión para los niños huerfanos»","15 CHEM1 des Petites Roches","03000","Avermes","https://www.lesorphelinsdelimon.org/","A","020","['020020', '000000']","LORPHLI","2023",121,28263
"W033002743","","","","033S","2009-01-15","2009-01-15","2009-01-24","0001-01-01","S","pratique hebdomadaire du théâtre de façon amicale et l'organisation de quelques représentations annuelles","18 RUE Marx Dormoy","03300","Cusset","","A","006","['006070', '000000']","L'ALTHEATRE","2009",70,12504
"W032003278","0032004184","","","032P","1996-04-15","2016-06-03","1996-05-01","2016-06-01","S","promouvoir les idees les pratiques d'echanges reciproques de savoirs entre les personnes en lien avec les reseaux existants et le mouvement des reseaux d'echanges de savoir","","03160","Franchesse","","D","014","['014000', '000000']","RESEAU D'ECHANGES RECIPROQUES DE S...","1996",98,16623
"W033004046","","","","033S","2018-01-18","2018-01-18","2018-01-27","0001-01-01","S","le développement d'une solution logicielle de gestion de l'entreprise distribuée sous licence gnu","chez Auto Pieces Cusset 13 RUE des Boulaires","03300","Cusset","","A","023","['023040', '000000']","LAURUX","2018",180,12209
"W033004121","","","","033S","2018-08-13","2023-06-18","2018-08-25","0001-01-01","S","préserver la forêt des colettes contre tout projet éolien ou tout autre projet qui nuirait à sa biodiversité et à son écosystème","Mairie 1 PL de l Ecole","03330","Coutansouze","","A","024","['024020', '000000']","PRÉSERVONS LA FORÊT DES COLETTES","2018",135,2951
"W033007699","","","","033S","2023-03-21","2023-03-21","2023-03-28","0001-01-01","S","le développement des liens culturels des kurdes et autres communautés ; le développement de toutes natures","3 RUE Voltaire","03200","Vichy","","A","006","['006000', '014040']","ASSOCIATION CULTURELLE POUR L'INSER...","2023",87,15943
"W031000283","0031005126","","","031S","2005-07-26","2006-10-11","2005-09-03","0001-01-01","U","Coordonner et développer dans tous les secteurs, la défense des intérêts économiques, sociaux et moraux des retraités"," ","03100","Montluçon","","A","014","['014000', '023002']","UNION DEPARTEMENTALE DES RETRAITES ...","2005",155,20865
"W031006608","0031004655","","","031S","2001-07-17","2022-03-29","2001-08-25","0001-01-01","S","organisation de chasse a tir et a courre ; organisation de rencontres conviviales de chasseurs","","03350","Le    Brethon","","A","007","['007000', '013005']","ASSOCIATION DE CHASSE 'VAUTRAIT BO...","2001",120,26063
"W033003092","0033003911","","","033S","1982-03-19","2011-05-19","1982-04-25","0001-01-01","S","organisation et animation des loisirs de la collectivite","","03120","Châtelus","","A","007","['007000', '000000']","COMITE DES FETES DE CHATELUS","1982",47,26110
"W032000574","","","","032P","2006-08-01","2006-08-01","2006-08-26","0001-01-01","S","Concrétisation (réalisation et production) de projets musicaux.","Chez M. Adel AMZAD   Les Airelles, n° 69","03000","Moulins","","A","006","['006100', '000000']","CORZEAMUZIK","2006",194,3860
"W032000349","0032001520","","","032P","1965-01-14","2021-11-16","1965-02-06","0001-01-01","S","Foyer","MAIRIE 8   RUE MIRAMBELLE","03140","Chantelle","","A","009","['009000', '000000']","FOYER CULTUREL LAIC","1965",70,14518
"W033000525","0033003661","","","033S","1980-01-29","2022-02-14","1980-02-09","0001-01-01","S","Creer, animer, developper les rencontres et les liens d'amitie entre les personnes agees","  SALLE DES FETES","03220","Saint-Léon","","A","009","['009040', '009040']","CLUB DU 3EME AGE LES BLES D'OR","1980",184,1039
"W032000819","0032004795","","","032P","2000-11-21","2022-09-05","2000-12-16","0001-01-01","S","Favoriser le développement et le contrôle de la pratique des activités physiques et sportives non compétitives ou du temps libre assimilé...","Mairie","03000","Neuvy","","A","011","['011005', '007000']","R.S.N.E.","2000",71,20353
"W031000093","0031000714",40263315000022.0,"","031S","1945-12-31","2022-12-09","1946-01-24","0001-01-01","S","Developpement de la pratique du sport en devenant club omnisports"," ","03100","Montluçon","","A","011","['011000', '011070']","BLANZAT SPORT MONTLUCON","1945",187,4100
"W033000172","0033005836","","","033S","1993-04-21","2023-02-23","1993-05-12","0001-01-01","S","Organiser la defense des interets des residants, sur toutes les questions concernant le probleme de l'habitat et de l'urbanisme.","le briandet 4 12   RUE du golf","03700","Bellerive-sur-Allier","","A","032","['032520', '000000']","AMICALE DES LOCATAIRES CGL DU GOLF","1993",12,21323
"W033007392","","","","033S","2020-10-07","2020-10-07","2020-10-17","0001-01-01","S","favoriser les échanges à travers un lieu ouvert au partage des richesses et des connaissances, à l'économie circulaire, au recyclage, à l'écologie, la protection de l'environnement et la culture","1 RTE de Laléger","03330","Bellenaves","","A","002","['002015', '000000']","PICUS RECYCLE ET PLUS","2020",155,16281
"W031002930","0031002094","","","031S","1975-04-09","2016-08-03","1975-05-08","0001-01-01","S","développer la pratique du sport et susciter des liens d'amitié entre ses membres","Comité d'Etablissement SOCOPA RTE de Cosne","03430","Villefranche-d'Allier","","A","011","['011015', '000000']","CLUB SPORTIF FRANVIL","1975",152,18723
"W033001776","0033000665","","","033S","1936-11-03","2018-05-16","0001-01-01","0001-01-01","S","Organisation de toutes manifestations conformement aux dispositions en vigueur."," ","03220","Chavroches","","A","009","['009030', '000000']","COMITE DES FETES DE CHAVROCHES","1936",159,1810
"W033004132","","","","033S","2018-09-07","2018-09-07","2018-09-22","0001-01-01","S","accueillir des enfants dans une maison d'assistants maternels","RTE d'Espinasse","03110","Cognat-Lyonne","","A","021","['021005', '000000']","MLBC","2018",94,26585
"W031001221","","","","031S","2008-10-31","2008-10-31","2009-01-31","0001-01-01","S","réunir des personnes partageant dans le même esprit de tribu la volonté de faire des sorties, balades, rencontres, manifestations de toutes sortes, sportives ou non, motorisées ou non","Mairie 1 RUE victor hugo","03390","Montmarault","","A","007","['007080', '000000']","WOLF'KAN TRIBE SPIRIT","2008",32,8179
"W031002308","","","","033S","2011-11-25","2017-02-16","2011-12-10","0001-01-01","S","organiser les loisirs du personnel de la coopérative","","03330","Bellenaves","","A","014","['014030', '000000']","VAL'LIMAGNE.COOP","2011",184,12888
"W033002701","0033002582","","","033S","1968-11-25","2010-01-21","1968-12-21","0001-01-01","S","propager et défendre l'idéal laïque dépouillé de toute ingerence politique","Collège Jules Verne","03250","Le    Mayet-de-Montagne","","A","015","['015005', '000000']","APEL DU COLLEGE JULES VERNE","1968",64,11167
"W033002955","0033002638","","","033S","1969-07-03","2016-11-02","0001-01-01","0001-01-01","S","soutenir et entraider les malades, les vieillards, les sinistres et les familles des donneurs de sang : organiser des loisirs.","Mairie","03130","Le    Bouchaud","","A","020","['020000', '017065']","AMICALE DES DONNEURS DE SANG BENEVO...","1969",79,10667
"W032000972","0032004615","","","032P","1999-06-30","2007-04-23","1999-07-17","0001-01-01","S","Groupement d'employeurs","","03000","Bressolles","","A","014","['014000', '000000']","GROUPEMENT D'EMPLOYEURS DES RACINES","1999",162,8227
"W033001958","0033006314","","","033S","1995-08-07","1995-08-08","0001-01-01","0001-01-01","S","Accueillir et aider les personnes d2sireuses d4ameliorer leur qualite de vie par differents canaux educatifs, culturels, artistiques..."," ","03800","Gannat","","A","006","['006000', '006000']","REGARD ET LUMIERE","1995",71,24125
"W033002425","0033003265",40301041600028.0,"","033S","1976-07-02","2021-01-28","1976-07-20","0001-01-01","S","Pratique de l'éducation physique et des sports.","Hotel de Ville BD de l'Hôtel de Ville","03120","Lapalisse","www.facebook.com/rcl.lapalisse","A","011","['011080', '000000']","RUGBY-CLUB LAPALISSOIS","1976",186,27937
"W031002188","0031003520","","","033S","1991-09-09","2019-05-27","1991-10-02","2019-06-01","S","animer le village trois jours par semaine (mercredi,samedi et dimanche) et surtout donner une occupation sportive aux jeunes, actifs et retraites, et les maintenir dans le village","RUE de l'Eglise","03330","Naves","","D","011","['011035', '000000']","LA PETANQUE NAVOISE","1991",44,6260
"W032002153","0032003480","","","032P","1991-02-14","2019-11-04","1991-03-06","0001-01-01","S","cultiver la science de l'esprit fonde par rudolf steiner; favoriser l'accès au fonds anthroposophique à toute personne qui le désire","Mairie PL de l'hôtel de ville","03160","Bourbon-l'Archambault","","A","016","['016080', '000000']","BRANCHE BERNARD DE CLAIRVAUX","1991",160,3667
"W033007667","","","","033S","2023-01-16","2023-01-16","2023-01-24","0001-01-01","S","promouvoir les arts en général par des manifestations","13 RUE Desbrest","03200","Vichy","","A","006","['006100', '000000']","MARCHE DES ARTS VICHY","2023",148,19009
"W032006700","","","","032P","2019-01-11","2019-01-11","2019-01-19","0001-01-01","S","soutenir et accompagner la pratique musicale et toutes les activités pouvant y être rattachées","13 RUE Pape-Carpantier","03000","Moulins","","A","006","['006030', '000000']","FEELING 03","2019",86,21643
"W031001941","0031002450","","","031S","1979-12-26","2023-02-10","1980-01-10","0001-01-01","S","pratique du tennis","Mairie","03420","Marcillat-en-Combraille","","A","011","['011165', '000000']","TENNIS CLUB DE MARCILLAT","1979",17,10721
"W032000244","0032005441","","","032P","2005-07-19","2021-07-14","1901-07-01","2021-06-29","S","Rassembler tous les médecins généralistes exerçant ou ayant exercé ehn hôpital local, promouvoir et sauvegarder la place du médecin généraliste exerçant en hôpital local...","Hopital Local Coeur du Bourbonnais 43   RUE des Fossés","03500","Saint-Pourçain-sur-Sioule","","D","017","['017000', '000000']","ASSOC NATMEDECINS GENER HOPITAUX LOC.","2005",85,14521
"W033000359","0033007075","","","033S","2000-10-11","2009-02-18","2000-11-04","2009-02-17","S","Permettre la participation de benevoles a l'amelioration du confort des residents de la maison de retraite pierre masseboeuf de bellerive/allier","Maison de Retraite Pierre Masseboeuf   CHEM1 des Tribles","03700","Bellerive-sur-Allier","","D","021","['021020', '019000']","HARMONIE","2000",107,24555
"W032003292","0032002987",48237855100014.0,"","032P","1986-10-23","2023-04-27","1986-11-05","0001-01-01","S","organiser et developper des activites dans le domaine social, culturel, sportif et de loisirs au benefice des agents en activite ou en retraite du ministere","D.D.T. 03 51 BD","03400","Yzeure","","A","023","['023000', '000000']","A.S.M.A.","1986",150,11684
"W031002377","","","","031S","2012-04-17","2012-04-17","2012-04-28","0001-01-01","S","permettre de développer et d'équilibrer harmonieusement le visage et le corps","33 RUE des Pensées","03100","Montluçon","","A","017","['017000', '000000']","ENERGIA VITALIS","2012",39,15585
"W031001227","0031004866",83281921300014.0,"","031S","2003-04-18","2018-11-19","2003-05-31","0001-01-01","S","Favoriser les échanges et la qualité de vie des adhérents","56 RTE de Vaux","03410","Saint-Victor","","A","014","['014000', '030005']","ASS. RIVERAINS ET AMIS DE PERREGUINES","2003",78,28070
"W031000131","0031002798",77621755600096.0,"","031S","1969-06-03","2014-02-26","1984-06-22","0001-01-01","F","Apporter une aide technique, culturelle et administrative aux maisons de jeunes et assurer une liaison permanente entre elles","8   RUE du Général Mairal","03100","Montluçon","","A","009","['009000', '009005']","FEDERATION REGIONALE DES MAISONS DE...","1969",39,3936
"W033003167","","","","033S","2012-01-09","2012-01-09","2012-01-21","0001-01-01","S","pratiquer les arts martiaux et la culture asiatique","32 RUE de Moulins","03260","Saint-Germain-des-Fossés","","A","011","['011000', '011150']","ASSOCIATION WING CHUN","2012",160,28108
"W033002227","0033002500","","","033S","1967-11-02","2023-01-18","1967-11-23","0001-01-01","S","Soutenir et entraider les familles de donneurs de sang, les malades, les vieillards, les sinistres","SALLE DE REUNIONS MAIRIE","03130","Saint-Léger-sur-Vouzance","","A","017","['017065', '017000']","AMICALE DES DONNEURS DE SANG BENEVO...","1967",65,12093
"W033003238","","","","033S","2012-08-13","2012-08-13","2012-08-25","0001-01-01","S","créer, animer, organiser toutes manifestations sous quelques formes que ce soit en faveur des pays d'Afrique","28 RUE Curie","03700","Bellerive-sur-Allier","","A","020","['020000', '020000']","COEUR D'AFRIQUE","2012",183,7704
"W031000618","0031005176",49497267200013.0,"","031S","2005-12-13","2011-12-12","2006-01-14","0001-01-01","S","organiser la pratique mixte du volley-ball en loisir.","","03350","Cérilly","","A","011","['011000', '011065']","VOLLEY-BALL CLUB CERILLOIS","2005",142,13539
"W031002340","","","","031S","2012-02-01","2012-02-01","2012-02-11","0001-01-01","S","la restauration du patrimoine industriel du 20ème siècle","90 RUE des Ecoles","03600","Commentry","","A","010","['010022', '000000']","AUTO MOTO RETRO COMMENTRYEN","2012",83,26659
"W033002757","0033003761","","","033S","1980-11-21","2023-03-20","1980-12-09","0001-01-01","S","Promouvoir et animer les festivités locales","Mairie Le Bourg","03130","Liernolles","","A","009","['009030', '000000']","COMITE DES FETES","1980",43,2182
"W032000211","0032004781","","","032P","2000-10-17","2019-12-18","2000-11-11","2019-11-23","S","Sport auto courses de poursuite","mairie   COUR2 Geneviève Huillier","03210","Souvigny","","D","011","['011160', '000000']","BOURBONNAIS SPORT AUTO 03","2000",147,6355
"W033002954","","","","033S","2010-05-06","2012-06-28","2010-06-05","2012-05-01","S","pratique de tous travaux d'aiguilles, tricot, crochet, couture, points comptés","","03120","Le  Breuil","","D","007","['007080', '000000']","LA PASSION DU FIL ET DES AIGUILLES","2010",168,5916
"W033000266","0033007603","","","033S","2003-10-06","2004-11-03","2004-11-27","0001-01-01","S","Pratique du tennis. Organisation de tournois.","  IMP des Turiers","03300","Creuzier-le-Neuf","","A","011","['011165', '000000']","A.S. TURIERS-TENNIS-TOUNOIS","2003",15,10258
"W032007114","","","","032P","2022-11-07","2022-11-07","2022-11-15","0001-01-01","S","fédérer les étudiants d'un même établissement","Ifi 03 - Bde 11 RTE de Paris","03000","Avermes","","A","015","['015065', '000000']","BDE","2022",119,6138
"W032003340","","","","032P","2016-10-28","2016-10-28","2016-11-26","0001-01-01","S","fédérer les étudiants de l'ESPE Moulins-Clermont-Auvergne ; mettre en place des partenariats avec d'autres établissements scolaires","Bureau B9 - ESPE Moulins 28 RUE des Geais","03000","Moulins","","A","015","['015065', '000000']","LES PPIB","2016",171,8125
"W033002124","0033003479","","","033S","1978-04-14","2006-10-26","1978-04-29","0001-01-01","S","Pratique du tennis et de l'education physique","MAIRIE","03260","Billy","","A","011","['011165', '011000']","TENNIS CLUB BILLYSSOIS","1978",43,24458
"W033007566","","","","033S","2022-03-22","2022-06-29","2022-03-29","0001-01-01","S","enseigner, entraîner, promouvoir et développer le rugby à 7 en fauteuil","Espace du Parc CTRE Omnisport","03206","Vichy Cedex","","A","011","['011018', '011080']","AVR","2022",51,14755
"W032002477","0032003503","","","032P","1991-05-03","2011-03-02","1991-05-29","2011-02-23","S","vulgariser la pratique du vtt","","03290","Dompierre-sur-Besbre","","D","011","['011000', '000000']","V.T.T. EVASION","1991",62,25903
"W031003221","","","","031S","2018-02-05","2018-02-05","2018-02-17","0001-01-01","S","réunir un groupe de personnes afin de partager des expériences, d'entretenir des relations, de favoriser des rencontres humaines autour d'activités de loisirs, de sport, de voyages et de bricolage","25 RUE de Beau Rivage","03100","Lavault-Sainte-Anne","","A","006","['006090', '000000']","TOMUACH","2018",184,6164
"W031001096","0310003372","","","031S","1990-01-22","2021-01-11","1990-02-21","0001-01-01","S","apporter une aide aux défavorisés en France et dans le monde suivant les statuts du S.P.F;","3 RUE du 1er Mai Espace ""arc en ciel""","03600","Commentry","","A","020","['020010', '000000']","SECOURS POPULAIRE FRANCAIS COMITE D...","1990",102,5286
"W032002515","0032001500","","","032P","1964-05-26","2011-06-01","0001-01-01","2011-05-31","S","pratique du football","","03210","Besson","","D","011","['011075', '000000']","BALLON BESSONNAIS","1964",60,24213
"W032000502","0032004737","","","032P","2000-05-24","2020-10-26","2000-06-17","0001-01-01","S","Association culturelles comprenant 4 activités: théâtre, chant, danse et jeux ""pyramide""","mairie  ","03460","Trévol","","A","007","['007000', '000000']","ASTRE 2000","2000",180,2631
"W032001565","0032003001","","","032P","1986-11-17","2005-12-01","1986-12-03","0001-01-01","S","Organiser developper en prolongement de l'education physique et sportive donnee pendant les heures de scolarite a l'initiation et la pratique sportives","","03000","Neuvy","","A","011","['011010', '000000']","ASSOCIATION SPORTIVE DU LEP AGRICOL...","1986",120,2207
"W031002231","0031004497","","","031S","2000-03-21","2001-10-23","2000-04-15","0001-01-01","S","actions humanitaires dans le but de nourrir et scolariser les enfants francophones du tiers monde","36 RUE Lucas de Nehou","03100","Montluçon","","A","020","['020020', '000000']","PLANETE HARMONIE","2000",143,10554
"W031002471","","","","031S","2013-01-31","2022-02-02","2013-02-16","0001-01-01","S","découverte et progression entre ses membres de l'art du dessin, de l'aquarelle et de l'acrylique","20 RUE de Blanzat","03100","Montluçon","","A","006","['006020', '000000']","LES TUBES DE COULEUR","2013",113,2181
"W033002160","0033004636","","","033S","1986-10-29","2022-09-06","1986-11-12","0001-01-01","S","Permettre de pratiquer des activites telles que bridge, echec, scrabble, sorties champetres, repas amicaux","Maison des Associations PL de l'Hôtel de Ville","03200","Vichy","","A","007","['007000', '000000']","BRIDGE CLUB VICHYSSOIS","1986",7,18403
"W031002187","0031001781","","","031S","1969-06-25","2011-04-22","1969-07-26","0001-01-01","S","défense des droits des anciens combattants de la résistance et aide aux résistants nécessiteux","Mairie","03410","Domérat","","A","038","['038105', '000000']","COMITE DE L'ASSOCIATION NATIONALE DES","1969",59,13247
