,id,date_creat,date_decla,date_publi,date_disso,groupement,objet,adrs_libvoie,adrs_codepostal,adrs_libcommune,position,objet_cat,nom,annee_creat,membres,benefices,code_parent,libelle_parent
0,W032001345,2003-07-02,2005-02-02,1901-07-01,0001-01-01,S,Promotion du bien être pour les personnes qui en ont besoin et l'aide technique à la réalisation de ces besoins,,3210,Souvigny,A,6,PI ASSOCIATION TRANSFEREE A PARIS,2003,121,22302,6,"CULTURE, PRATIQUES D'ACTIVITÉS ARTISTIQUES, PRATIQUES CULTURELLES"
1,W031003191,2017-11-14,2017-11-14,2017-11-25,0001-01-01,S,susciter le don volontaire et bénévole du sang,Mairie 1 PL de la Mairie,3350,Cérilly,A,17,AMICALE DES DONNEURS DE SANG DE CER...,2017,163,4315,17,SANTÉ
2,W032000751,1968-10-29,2021-11-07,1968-11-16,0001-01-01,S,Cantine,8   RUE DES VARENNES,3140,Saint-Germain-de-Salles,A,22,CANTINE SCOLAIRE DE SAINT GERMAIN D...,1968,41,12328,22,CONDUITE D'ACTIVITÉS ÉCONOMIQUES
3,W032003451,2017-09-17,2017-09-17,2017-09-30,0001-01-01,S,animer des spectacles musicaux,LA COUR EN CHEVRAY,3230,Chézy,A,6,TAPATA BLUES,2017,28,15168,6,"CULTURE, PRATIQUES D'ACTIVITÉS ARTISTIQUES, PRATIQUES CULTURELLES"
4,W033002263,1993-10-21,1993-10-21,1993-12-08,0001-01-01,S,"Aider les demandeurs d'emploi, les précaires et les rmistes dans leurs démarches administratives...",2 RUE d'Oran,3200,Vichy,A,19,PARTAGE,1993,14,5191,19,INTERVENTIONS SOCIALES
5,W033003891,2017-08-23,2023-01-06,2017-09-02,0001-01-01,S,l'organisation de courses de tracteurs tondeuses et différentes manifestations,LD la Molette,3150,Sanssat,A,6,LES FOUS DU GAZON,2017,189,25271,6,"CULTURE, PRATIQUES D'ACTIVITÉS ARTISTIQUES, PRATIQUES CULTURELLES"
6,W032000995,2004-08-02,2012-02-28,2004-08-21,2012-01-13,S,Rassembler les membres actifs et retraités de la maison de retraite de Chantelle...,18 PL de la Chaume,3140,Chantelle,D,14,AMICALE DE LA MAISON DE RETRAITE DE...,2004,41,3435,14,"AMICALES, GROUPEMENTS AFFINITAIRES, GROUPEMENTS D'ENTRAIDE (HORS DÉFENSE DE DROITS FONDAMENTAUX)"
7,W031003290,2018-10-08,2022-09-02,2018-10-20,0001-01-01,S,valoriser les évènements festifs,Mairie 8 RUE de l Eglise,3410,Prémilhat,A,6,C'PARTY,2018,17,10097,6,"CULTURE, PRATIQUES D'ACTIVITÉS ARTISTIQUES, PRATIQUES CULTURELLES"
8,W031002416,2012-08-29,2012-08-29,2012-09-08,0001-01-01,S,entretenir des liens d'amitié ; organiser des activités festives ou culturelles ; engager si nécessaire des actions solidaires d'aide aux personnes,mairie 6 PL de la Toque,3380,Huriel,A,14,AMICALE DES CLASSES 55 A 59,2012,143,10675,14,"AMICALES, GROUPEMENTS AFFINITAIRES, GROUPEMENTS D'ENTRAIDE (HORS DÉFENSE DE DROITS FONDAMENTAUX)"
9,W032001128,2004-06-03,2004-06-03,2004-07-03,0001-01-01,S,promouvoir parmi ses adhérents ainsi que ds le public la connaissance de la nature et de la necessité de sa sauvegarde,,3210,Saint-Menoux,A,24,CONNAITRE ET PARTAGER LA NATURE LA ...,2004,117,18362,24,"ENVIRONNEMENT,  CADRE DE VIE"
10,W031000955,2008-01-22,2008-01-22,0001-01-01,2009-01-22,S,soutenir la liste d'union de gauche aux municipales de lavault-sainte-anne 2008 et oeuvrer pour renforcer la justice sociale et la participation démocratique de tous les lavaultois,33 RUE de la Côte du Theil,3100,Lavault-Sainte-Anne,A,1,LAVAULT 2008,2008,192,21549,1,ACTIVITÉS POLITIQUES
11,W032002820,1999-11-26,2013-05-14,1999-12-25,2013-04-18,S,groupement d'employeurs,LD Le Marquisat,3500,Paray-sous-Briailles,D,14,GROUPEMENT D'EMPLOYEURS DU MARQUISAT,1999,193,4856,14,"AMICALES, GROUPEMENTS AFFINITAIRES, GROUPEMENTS D'ENTRAIDE (HORS DÉFENSE DE DROITS FONDAMENTAUX)"
12,W033001464,1998-05-18,1998-05-18,1998-06-13,0001-01-01,S,"Association d'ophtalmologie ayant pour but la formation medico chirurgicale continue, la recherche et l'enseignement en ophtalmologie",127   BD Etats Unis,3200,Vichy,A,17,OPHTALMOLOGIE CENTRE EUROPE ET FRAN...,1998,114,16165,17,SANTÉ
13,W032002037,1926-06-28,2019-08-27,1926-07-08,0001-01-01,S,Peche,mairie 31 la Grande Rue,3140,Voussac,A,13,"AAPPMA  \""LA GAULE DU VENANT\"" VOUSSAC",1926,181,14974,13,CHASSE PÊCHE
14,W033003363,2013-09-16,2013-09-16,2013-11-02,0001-01-01,S,organisation d'animation et mise en oeuvre de tournois et/ou de rencontres amicales au sein du Bowling Sud Allier de Cusset,4 RUE Ampère,3300,Cusset,A,11,AMICALE DE BOWLING DE CUSSET,2013,187,14115,11,"SPORTS, ACTIVITÉS DE PLEIN AIR"
15,W031002640,2014-05-19,2014-12-12,2014-05-31,0001-01-01,S,promouvoir la culture dans le milieu rural ainsi que la création chorégraphique,11 RTE de Paris,3190,Reugny,A,6,C'KAFEJ,2014,152,8278,6,"CULTURE, PRATIQUES D'ACTIVITÉS ARTISTIQUES, PRATIQUES CULTURELLES"
16,W032001690,1993-02-18,2005-06-28,1993-03-17,0001-01-01,S,Mise en forme et bon deroulement des activites necessaires au bien etre des residents,,3290,Dompierre-sur-Besbre,A,21,LE HAVRE D'AUTOMNE,1993,165,5505,21,"SERVICES FAMILIAUX, SERVICES AUX PERSONNES ÂGÉES"
17,W033007217,2019-04-02,2021-06-04,2019-04-13,2021-02-24,S,"accompagner dans la parentalité en mettant en place des ateliers pratiques, des temps de rencontres et d'échanges autour de réunion d'informations",17 CHEM1 de Lafont,3300,Cusset,D,7,ADDN,2019,39,23108,7,"CLUBS DE LOISIRS, RELATIONS"
18,W032003382,2017-02-27,2020-02-19,2017-03-11,0001-01-01,S,"développer la pratique et la connaissance de la pétanque en vue de compétitions chez les jeunes enfants, adolescents et adultes dans le cadre de rencontres et d'échanges",mairie PL du Général Hoche,3240,Le    Montet,A,11,ECOLE DE PETANQUE LE MONTET,2017,125,2273,11,"SPORTS, ACTIVITÉS DE PLEIN AIR"
19,W033000182,1989-01-13,2017-10-12,1989-02-22,2017-09-20,S,promouvoir en toute neutralité et en toute independance la vie culturelle de la cité,Centre Eric Tabarly B RUE du Champ d'Auger,3300,Cusset,D,6,LES PEINTRES ET SCULPTEURS DE LA TOUR,1989,28,12887,6,"CULTURE, PRATIQUES D'ACTIVITÉS ARTISTIQUES, PRATIQUES CULTURELLES"
20,W031000908,2003-11-24,2023-01-17,2003-12-20,0001-01-01,S,Dynamiser et développer la pratique sportive ; développer l'apprentissage de la vie associative,Collège François Rabelais,3310,Néris-les-Bains,A,11,ASSOCIATION SPORTIVE COLLEGE NERIS-...,2003,170,18528,11,"SPORTS, ACTIVITÉS DE PLEIN AIR"
21,W032001807,1927-02-08,2016-11-09,1927-02-24,0001-01-01,S,Tennis,Mairie PL de l'Hôtel de Ville,3160,Bourbon-l'Archambault,A,11,TENNIS CLUB BOURBONNAIS,1927,195,18381,11,"SPORTS, ACTIVITÉS DE PLEIN AIR"
22,W033003594,2015-05-06,2015-05-06,2015-05-16,0001-01-01,S,"proposer et réaliser des évènements privés ou publiques pour cibles diverses (particuliers, entreprises, comités des fêtes...)",17 RUE de la Mairie,3300,Creuzier-le-Vieux,A,6,ASSOCIATION DES ANCIENNES SONO DE V...,2015,133,16903,6,"CULTURE, PRATIQUES D'ACTIVITÉS ARTISTIQUES, PRATIQUES CULTURELLES"
23,W032000820,1980-03-03,2019-12-18,1980-03-09,0001-01-01,S,Organisation et animation des festivités de la commune,Mairie,3000,Bressolles,A,9,COMITE DES FETES DE BRESSOLLES,1980,83,4529,9,ACTION SOCIOCULTURELLE
24,W033000867,2003-03-10,2018-04-11,2003-04-26,0001-01-01,S,Organiser la défense des intérêts des résidents sur toutes les questions concernant les problèmes de l'habitat et de l'urbanisme.,  Bât. E - n° 56 - HLM Clair Matin - 2ème,3120,Lapalisse,A,14,AMICALE CNL DES LOCATAIRES CLAIR MA...,2003,41,14509,14,"AMICALES, GROUPEMENTS AFFINITAIRES, GROUPEMENTS D'ENTRAIDE (HORS DÉFENSE DE DROITS FONDAMENTAUX)"
25,W033001311,1999-10-21,1999-10-21,1999-11-20,0001-01-01,S,"Promouvoir la reflexion sur les grands themes de la modernite par la reunion, le debat, la convivialite et la mediatisation.",4   RUE Copere,3200,Vichy,A,14,CLUB IDEES ALBERT LONDRES,1999,114,3938,14,"AMICALES, GROUPEMENTS AFFINITAIRES, GROUPEMENTS D'ENTRAIDE (HORS DÉFENSE DE DROITS FONDAMENTAUX)"
26,W033001612,1993-10-29,1996-01-11,1993-11-17,0001-01-01,S,Réunir les pratiquants du jeu de rôles grandeur nature et promouvoir ce jeu.,  15 LA SIGILONNIERE,3800,Gannat,A,6,LA CLEF D'ARGENT,1993,190,15664,6,"CULTURE, PRATIQUES D'ACTIVITÉS ARTISTIQUES, PRATIQUES CULTURELLES"
27,W032006954,2021-07-07,2022-02-16,2021-07-13,2022-02-11,S,"la création et la gestion administrative , financière et morale d'une maison d'assistant(e)s maternel(le)s tenue par des assistant(e)s maternel(le)s agréé(e)s",5 RUE de la République,3140,Chantelle,D,21,MAM'AGIQUE,2021,36,16928,21,"SERVICES FAMILIAUX, SERVICES AUX PERSONNES ÂGÉES"
28,W033007747,2023-07-06,2023-07-06,0001-01-01,0001-01-01,S,"pratiquer le yoga, l'art, le chant, la danse, la musique, la sono thérapie, former ; donner des stages, organiser des séjours, conférence, philosophie, cuisine",24 IMP Vincent d'Indy,3800,Gannat,A,7,YOGA DU LOTUS,2023,166,27605,7,"CLUBS DE LOISIRS, RELATIONS"
29,W033002218,1989-12-06,2019-02-13,1989-12-27,0001-01-01,S,"Creer, gerer, animer un club de retraites",MAIRIE,3220,Chavroches,A,9,AU PIED DU CHATEAU,1989,185,11181,9,ACTION SOCIOCULTURELLE
30,W032006680,2018-11-12,2023-01-25,2018-11-24,0001-01-01,S,rassembler 3 assistantes maternelles agréées dans l'exercice de leur profession afin d'accueillir des enfants dans un local commun et d'organiser ponctuellement ou régulièrement des activités d'éveil,47 RUE des Fossés,3500,Saint-Pourçain-sur-Sioule,A,21,MAM,2018,173,15598,21,"SERVICES FAMILIAUX, SERVICES AUX PERSONNES ÂGÉES"
31,W031000959,1972-03-02,2011-09-29,1972-03-16,0001-01-01,S,Conserver et renforcer les liens d'amitié et de camaraderie qui unissent les anciens marins.,4 RUE Lavoisier,3600,Commentry,A,38,AMICALE DE MARINS ET MARINS ANCIENS...,1972,131,16384,38,"ARMÉE (DONT  PRÉPARATION MILITAIRE, MÉDAILLES), ANCIENS COMBATTANTS"
32,W033001582,1997-06-09,2022-11-28,1997-07-12,0001-01-01,S,"Ameliorer certaines activites : arbre de noel, voyages, jmf, etc",  MAIRIE,3130,Saint-Didier-en-Donjon,A,15,ASSOCIATION DE PARENTS D'ELEVES DU...,1997,168,9350,15,ÉDUCATION  FORMATION
33,W033002462,2007-10-23,2017-04-03,2007-11-03,0001-01-01,S,organiser diverses manifestations afin de collecter des fonds pour soutenir la recherche des maladies leuco dystrophiques,mairie  ,3130,Le Bouchaud,A,17,ENSEMBLE AVEC VINCENT,2007,152,5569,17,SANTÉ
34,W033002222,1984-01-11,2022-11-29,1984-01-21,0001-01-01,S,"Pratique du sport, de la pétanque dans l'entente la plus cordiale.",RUE de l'Eglise,3800,Saulzet,A,11,LA PETANQUE SAULZETOISE,1984,122,9187,11,"SPORTS, ACTIVITÉS DE PLEIN AIR"
35,W032002042,1957-10-15,2011-07-26,1957-10-23,2011-06-10,S,Vie scolaire,23 RUE des Durantats,3000,Moulins,D,15,ASSOCIATION DES ENSEIGNANTS ET AMIS...,1957,80,26195,15,ÉDUCATION  FORMATION
36,W032000275,1977-11-02,2022-04-28,1977-11-13,0001-01-01,S,Retraites,MAIRIE  ,3230,Garnat-sur-Engièvre,A,9,CLUB RETRAITES GARNAT-SAINT-MARTIN...,1977,143,3772,9,ACTION SOCIOCULTURELLE
37,W033000673,1951-09-20,2016-07-05,1951-10-11,0001-01-01,S,"Organisation de la chasse, lutte contre le braconnage, repeuplement des territoires de chasse et protection du gibier.",  Mairie,3220,Treteau,A,13,ASSOCIATION COMMUNALE DE CHASSE,1951,108,2067,13,CHASSE PÊCHE
38,W031001231,2008-11-18,2009-06-09,2009-01-31,0001-01-01,S,"participation au raid 4L Trophy 2010, action humanitaire qui vise à amener des fournitures scolaires à Marrakech au Maroc en traversant la France, l'Espagne et le désert Sud-marocain en 4L",IUT de Montlucon département GLT AV aristide Briand,3100,Montluçon,A,20,LES 4 ELANCES,2008,30,11072,20,"ASSOCIATIONS CARITATIVES, HUMANITAIRES, AIDE AU DÉVELOPPEMENT, DÉVELOPPEMENT DU BÉNÉVOLAT"
39,W033001114,2001-06-28,2001-06-28,2001-07-14,0001-01-01,S,"Constituer et gerer un portefeuille de placements en parts sociales ou en actions , de consentir des prets sans interet.",Chez thierry tailhandier   BD du gravier - Porte saint-antoine,3300,Cusset,A,23,CLUB D'INVESTISSEMENT SOLIDAIRE,2001,98,16925,23,"REPRÉSENTATION, PROMOTION ET DÉFENSE D'INTÉRÊTS ÉCONOMIQUES"
40,W031001299,2009-01-19,2009-01-19,2009-03-07,0001-01-01,S,promouvoir la culture en Auvergne et dans les régions avoisinantes et notamment l'histoire et les évènements historiques qui se rapportent à cette région,95 rue Jean Jaurès,3600,Commentry,A,9,ECA,2009,84,17014,9,ACTION SOCIOCULTURELLE
41,W032007171,2023-05-12,2023-05-12,2023-05-23,0001-01-01,S,promouvoir la famille à travers des actions diverses,19 RUE de Villars,3000,Moulins,A,40,AFC DE DOMPIERRE,2023,148,4497,40,"ACTIVITÉS RELIGIEUSES, SPIRITUELLES OU PHILOSOPHIQUES"
42,W033007637,2022-10-14,2022-10-14,2022-10-18,0001-01-01,S,promouvoir vichy dans la continuation du classement unesco,18 RUE Desbrest,3200,Vichy,A,10,A.P.V.,2022,169,13082,10,PRÉSERVATION DU PATRIMOINE
43,W033003536,1988-01-11,2018-12-20,1988-01-11,0001-01-01,S,organisation d'activités engageant tout ou partie des classes de l'école pendant ou en dehors des heures scolaires,ECOLE J.B. BURLOT RUE J.B. BURLOT,3700,Bellerive-sur-Allier,A,15,COOPERATIVE SCOLAIRE DE L'ECOLE J....,1988,53,7440,15,ÉDUCATION  FORMATION
44,W033003218,2012-06-15,2019-02-28,2012-06-23,0001-01-01,S,pratiquer et encourager l'activité touristique à vélo en général sur route à VTT ou VTC,Mairie 2 RUE Maurice Dupont,3150,Saint-Gérand-le-Puy,A,11,ACSG,2012,107,16262,11,"SPORTS, ACTIVITÉS DE PLEIN AIR"
45,W033001645,1994-07-21,2019-07-15,1994-08-10,0001-01-01,S,"Pratique sportive du badminton, formation et perfectionnement des animateurs",  PL de l'Hôtel de Ville,3150,Varennes-sur-Allier,A,11,VARENNES BADMINTON CLUB (V.B.C),1994,88,14424,11,"SPORTS, ACTIVITÉS DE PLEIN AIR"
46,W032001919,2008-05-05,2016-09-30,2008-05-17,0001-01-01,S,promotion de la culture par des moyens diversifiés,14   RUE François Péron,3000,Moulins,A,6,"L'ANGE ASSIS, L'AIMANT BLEU",2008,70,10809,6,"CULTURE, PRATIQUES D'ACTIVITÉS ARTISTIQUES, PRATIQUES CULTURELLES"
47,W033001450,1998-03-18,2022-02-03,1998-04-18,2022-01-31,S,Entretenir des liens entre les jeunes ; organiser des sorties sportives et culturelles ; participer a la vie de la commune,SALLE DES JEUNES   LE BOURG,3250,Laprugne,D,9,ASSOCIATION DES JEUNES DE LAPRUGNE,1998,60,16438,9,ACTION SOCIOCULTURELLE
48,W031000856,1988-06-06,2011-05-10,1988-07-13,2011-04-29,S,"Donner de l'animation a la ville d'Ainay leChateau en permettant aux habitants, adultes et enfants, d'occuper leur temps libre à diverses animations",RUE des Mazes,3360,Saint-Bonnet-Tronçais,D,7,ASSOCIATION CULTURE ET LOISIRS,1988,6,28627,7,"CLUBS DE LOISIRS, RELATIONS"
49,W033007574,2022-03-28,2022-03-28,2022-04-05,0001-01-01,S,"la réflexion, la formation, le développement intellectuel autour de la fructification de l'épargne de chacun",5 RUE du clos Dallon,3300,Creuzier-le-Vieux,A,23,ADOPTE UNE INTELLIGENCE FINANCIÈRE,2022,159,6138,23,"REPRÉSENTATION, PROMOTION ET DÉFENSE D'INTÉRÊTS ÉCONOMIQUES"
50,W033007571,2022-03-25,2022-03-25,2022-04-05,0001-01-01,S,"promouvoir le musée boucheix et le rayonnement des oeuvres du maître françois boucheix, chevalier des arts et des lettres",7 RUE Sornin,3200,Vichy,A,6,MUSÉE BOUCHEIX,2022,81,22277,6,"CULTURE, PRATIQUES D'ACTIVITÉS ARTISTIQUES, PRATIQUES CULTURELLES"
51,W033003242,1978-06-21,2017-10-09,1978-06-29,2017-09-10,S,"favoriser la protection et le repeuplement du gibier, la répression du braconnage, la destruction des animaux nuisibles et la défense des intérêts agricoles",35 RUE du Château,3110,Charmeil,D,13,SOCIÉTÉ DE CHASSE DE CHARMEIL,1978,138,23948,13,CHASSE PÊCHE
52,W031006741,2023-03-16,2023-03-16,2023-03-28,0001-01-01,S,"promouvoir la danse dans différentes structures ; faire de l'évènementiel (spectacles, concerts, etc.) bénévolement",Mairie 25 RUE de la République,3190,Estivareilles,A,6,SEKELE'DANSE COMPAGNIE,2023,69,25175,6,"CULTURE, PRATIQUES D'ACTIVITÉS ARTISTIQUES, PRATIQUES CULTURELLES"
53,W032007176,2023-05-24,2023-05-24,2023-05-30,0001-01-01,S,"organiser des actions communes pour les femmes (exemples : journée de la femme, octobre rose)",1518 RTE des Trèfoux,3230,Thiel-sur-Acolin,A,19,POUR ELLES,2023,157,24235,19,INTERVENTIONS SOCIALES
54,W033003717,2016-03-15,2016-03-15,2016-04-02,0001-01-01,S,a pour but d'assurer la promotion et la diffusion de la culture et de l'art musical et de promouvoir la pratique amateur de la musique pour tout public : organisation de concerts et de festivals,33 RUE de Moulins,3260,Saint-Germain-des-Fossés,A,6,LES GUIZMO,2016,151,26529,6,"CULTURE, PRATIQUES D'ACTIVITÉS ARTISTIQUES, PRATIQUES CULTURELLES"
55,W033001807,1994-02-21,1994-02-21,1994-04-06,0001-01-01,S,Association a vocation agricole afin de proceder a l'affutage des pieux.,  Pré Juillet,3150,Boucé,A,10,AFFUTE-PIEUX BOUCETOIS,1994,69,17744,10,PRÉSERVATION DU PATRIMOINE
56,W031000948,2002-09-02,2005-03-24,2002-09-28,0001-01-01,S,Promouvoir des actions servant les intérêts de l'EDSM FOOTBALL sous toutes ses formes,1 QUAI Barbés,3100,Montluçon,A,11,LES AMIS DE L'EDSM FOOTBALL,2002,200,17778,11,"SPORTS, ACTIVITÉS DE PLEIN AIR"
57,W032001063,2003-10-23,2011-11-03,2003-11-29,0001-01-01,S,Sauvegarde et rénovation du château de Saint Augustin,,3320,Château-sur-Allier,A,10,LES AMIS DE SAINT AUGUSTIN,2003,35,16788,10,PRÉSERVATION DU PATRIMOINE
58,W031002504,2013-04-30,2013-04-30,2013-05-11,0001-01-01,S,la valorisation et la promotion de la race blonde d'aquitaine en france,,3420,Saint-Fargeol,A,10,ASSOCIATION BLONDES DES COMBRAILLES,2013,69,16956,10,PRÉSERVATION DU PATRIMOINE
59,W031001057,1994-12-15,2017-03-10,0001-01-01,0001-01-01,S,"Assurer les relations entre les étudiants, les professeurs et la direction du département, informer de toutes les manifestations étudiantes et culturelles, organiser des manifestations.",AV Aristide Briand,3100,Montluçon,A,15,ASSOCIATION DES ETUDIANTS EN GENIE ...,1994,110,20651,15,ÉDUCATION  FORMATION
60,W032003401,2017-04-10,2017-04-10,2017-04-15,0001-01-01,S,soutenir et développer la recherche en musicothérapie et en holopsonie certains jeudis dans l'année,LD Le pont de l'Etau,3320,Lurcy-Lévis,A,6,LES JEUDIS DE LURCY,2017,131,21939,6,"CULTURE, PRATIQUES D'ACTIVITÉS ARTISTIQUES, PRATIQUES CULTURELLES"
61,W032000843,1988-02-26,2020-02-17,1988-03-23,0001-01-01,S,Organisation des festivites de la commune,Mairie le Bourg,3240,Saint-Sornin,A,9,COMITE DES FETES DE SAINT SORNIN,1988,74,29877,9,ACTION SOCIOCULTURELLE
62,W031000837,1995-05-19,2012-01-05,1995-06-21,0001-01-01,S,Ameliorer la vie des etudiants,I.U.T.,3100,Montluçon,A,15,BUREAU DES ETUDIANTS DU DEPARTEMENT...,1995,112,25344,15,ÉDUCATION  FORMATION
63,W032001243,2002-04-12,2009-08-25,2002-05-11,0001-01-01,S,S,,3140,Charroux,A,6,REGARDS BOURBONNAIS,2002,84,9159,6,"CULTURE, PRATIQUES D'ACTIVITÉS ARTISTIQUES, PRATIQUES CULTURELLES"
64,W032000734,2002-10-21,2009-04-01,2002-12-14,2008-12-12,S,organisation d'épreuves cyclistes,Mairie  ,3400,Yzeure,D,11,PACO,2002,136,24619,11,"SPORTS, ACTIVITÉS DE PLEIN AIR"
65,W033000694,1948-09-25,2021-08-07,1948-10-07,0001-01-01,S,Pratique des sports et en particulier du football.,  Salle des fetes,3120,Isserpent,A,11,ASSOCIATION SPORTIVE D'ISSERPENT,1948,67,21862,11,"SPORTS, ACTIVITÉS DE PLEIN AIR"
66,W033003375,2013-11-14,2013-11-14,2013-11-23,0001-01-01,S,gestion et fonctionnement du lotissement,CHEM1 des Brosses,3700,Bellerive-sur-Allier,A,23,ASSOCIATION DU CHEMIN DES BROSSES,2013,90,17831,23,"REPRÉSENTATION, PROMOTION ET DÉFENSE D'INTÉRÊTS ÉCONOMIQUES"
67,W031006478,2020-08-24,2020-08-24,2020-08-29,0001-01-01,S,l'accompagnement à la vie ludo-éducative et à la vie sociale en accompagnement individuel des personnes présentant un handicap,1 RUE des Prôts,3350,Le    Brethon,A,14,LA MUSE VAGABONDE,2020,100,12876,14,"AMICALES, GROUPEMENTS AFFINITAIRES, GROUPEMENTS D'ENTRAIDE (HORS DÉFENSE DE DROITS FONDAMENTAUX)"
68,W031002813,2015-09-23,2022-07-14,2015-10-10,0001-01-01,S,initiation à l'aquarelle,Maison des Associations Molière 12 RUE des Grands Prés,3100,Montluçon,A,7,COULEUR INDIG'EAU,2015,163,13512,7,"CLUBS DE LOISIRS, RELATIONS"
69,W033000103,1906-04-24,2021-09-27,1906-04-27,0001-01-01,S,Assurer l'exercice du culte reforme et pourvoir en tout ou en partie aux frais et besoins du culte et des divers services et activites qui peuvent s'y rattacher lEgalement,10   RUE Max Durand Fardel,3200,Vichy,A,40,ÉGLISE PROTESTANTE UNIE,1906,162,10656,40,"ACTIVITÉS RELIGIEUSES, SPIRITUELLES OU PHILOSOPHIQUES"
70,W032001612,1989-03-14,2008-11-26,1989-04-12,0001-01-01,S,Pratique du tennis,,3400,Gennetines,A,11,TENNIS CLUB DE GENNETINES,1989,59,17197,11,"SPORTS, ACTIVITÉS DE PLEIN AIR"
71,W031002405,2012-07-09,2012-07-09,2012-07-21,0001-01-01,S,la promotion du mieux-être,17 RUE Porte Charrat,3450,Ébreuil,A,7,FEEL GOOD,2012,162,2543,7,"CLUBS DE LOISIRS, RELATIONS"
72,W033002231,1971-12-16,2005-01-14,1972-01-06,0001-01-01,S,Pratique de l'education physique et du tennis.,MAIRIE,3150,Varennes-sur-Allier,A,11,TENNIS CLUB VARENNOIS,1971,128,16351,11,"SPORTS, ACTIVITÉS DE PLEIN AIR"
73,W032000578,1982-04-23,2006-08-02,1982-05-04,2006-06-26,S,Mettre a la disposition du discrit de moulins des ouvrages contribuant a leur formation pedagogique et a leur culture,Inspection académique   chateau de bellevue,3400,Yzeure,D,6,BIBLIO PEDAGO CIRCULANTE.MOULINS.,1982,114,11211,6,"CULTURE, PRATIQUES D'ACTIVITÉS ARTISTIQUES, PRATIQUES CULTURELLES"
74,W033002821,2009-05-13,2009-05-13,2009-06-13,0001-01-01,S,"organisation des fêtes, manifestations et activités de loisirs, sport et culture, périodiques ou non, en vue de l'animation de la commune",Mairie 2 rue du Fournil,3800,Charmes,A,9,CHARMES EN FETES,2009,162,13515,9,ACTION SOCIOCULTURELLE
75,W032002122,2009-03-20,2017-01-20,2009-03-28,0001-01-01,S,"organiser des repas dansants, soirée à thème",mairie 12 RUE de la mairie,3140,Étroussat,A,6,LES ANNEES FOLLES D'ETROUSSAT,2009,123,5811,6,"CULTURE, PRATIQUES D'ACTIVITÉS ARTISTIQUES, PRATIQUES CULTURELLES"
76,W032003218,2016-02-26,2019-12-24,2016-03-19,0001-01-01,S,mettre à disposition de ses adhérents un ou plusieurs salariés liés au groupement par un contrat de travail,LD les Blanchons,3340,Mercy,A,14,GROUPEMENT D'EMPLOYEURS A-C-A,2016,54,21872,14,"AMICALES, GROUPEMENTS AFFINITAIRES, GROUPEMENTS D'ENTRAIDE (HORS DÉFENSE DE DROITS FONDAMENTAUX)"
77,W031000054,1957-03-27,2023-03-30,1901-07-01,0001-01-01,S,"Mise en oeuvre d'activites physiques d'éducation physique ou de plein air, sportives ou culturelles pour concourrir à la formation générale des adolescents et adolescentes de milieux non scolaires","29,   RUE de la République",3430,Cosne-d'Allier,A,11,COMITE DEPARTEMENTAL SPORT POUR TOUS,1957,54,18615,11,"SPORTS, ACTIVITÉS DE PLEIN AIR"
78,W032000826,2006-12-22,2006-12-22,2007-01-13,0001-01-01,S,Réunir les conscrits de la classe 2009 de Diou afin d'organiser un bal,14 RTE de Dompierre,3290,Diou,A,14,"CONSCRITS DE DIOU, CLASSE 2009",2006,100,24415,14,"AMICALES, GROUPEMENTS AFFINITAIRES, GROUPEMENTS D'ENTRAIDE (HORS DÉFENSE DE DROITS FONDAMENTAUX)"
79,W032003626,2018-05-14,2019-06-17,2018-05-26,0001-01-01,S,"sauvegarde, promotion culturelle et scientifique, et mise en valeur de l'Arboretum de Balaine",Lieu Dit Balaine 1 LD Balaine,3460,Villeneuve-sur-Allier,A,10,LES AMIS DE L'ARBORETUM DE BALAINE,2018,104,20673,10,PRÉSERVATION DU PATRIMOINE
80,W031002283,2011-08-08,2011-08-08,2011-09-10,0001-01-01,S,"promouvoir la réflexion philosophique à travers la lecture et le commentaire des grands textes, spécialement Platon, Aristote, Spinoza, Hegel",50 RUE Camille Desmoulins,3630,Désertines,A,2,LES AMIS DE LA PHILOSOPHIE A DESERT...,2011,19,21541,2,"CLUBS, CERCLES DE RÉFLEXION"
81,W031002577,2013-11-15,2022-11-14,2013-11-30,0001-01-01,S,"organiser, promouvoir et développer des activités physiques et sportives adaptées ; promouvoir au même titre que le sport, des actions favorisant l'accès à la culture",Pôle AVS 4 AV Aristide Briand,3100,Montluçon,A,11,ASAC,2013,137,16438,11,"SPORTS, ACTIVITÉS DE PLEIN AIR"
82,W033003839,2017-03-27,2017-03-27,2017-04-01,0001-01-01,S,"a pour but la promotion de la cornemuse du centre France en particulier, des musiques en général, des expressions, de la culture, des loisirs et de l'art ;",18 LOT des Guynames,3700,Bellerive-sur-Allier,A,6,PVB,2017,67,11906,6,"CULTURE, PRATIQUES D'ACTIVITÉS ARTISTIQUES, PRATIQUES CULTURELLES"
83,W032000736,1977-11-07,2014-01-29,1977-11-17,2013-10-10,S,Assurer la gestion de la cantine,mairie  ,3000,Bressolles,D,22,CANTINE DE BRESSOLLES,1977,117,8104,22,CONDUITE D'ACTIVITÉS ÉCONOMIQUES
84,W031006334,2019-01-30,2019-03-04,1937-02-25,2019-02-26,S,"football, basket-ball, athlétisme, natation",Mairie le bourg,3380,Treignat,D,11,UNION SPORTIVE TREIGNATOISE,2019,88,11978,11,"SPORTS, ACTIVITÉS DE PLEIN AIR"
85,W031006308,2018-12-12,2020-12-11,2018-12-22,2020-12-09,S,enseigner différents styles de danse,4 RUE du duc de Berry,3190,Vaux,D,6,AVD,2018,67,21762,6,"CULTURE, PRATIQUES D'ACTIVITÉS ARTISTIQUES, PRATIQUES CULTURELLES"
86,W032001507,1983-09-07,2017-07-12,1983-09-10,0001-01-01,S,Assurer la liaison et les echanges d'informations avec la population d'ygrande,,3160,Ygrande,A,14,ACTION POUR LA PROMOTION D'YGRANDE,1983,66,10476,14,"AMICALES, GROUPEMENTS AFFINITAIRES, GROUPEMENTS D'ENTRAIDE (HORS DÉFENSE DE DROITS FONDAMENTAUX)"
87,W031006499,1986-07-08,2022-07-16,1986-07-30,0001-01-01,S,"promouvoir la culture en milieu rural, en particulier le cinéma et les techniques de communication",Mairie AV Marx Dormoy,3190,Vallon-en-Sully,A,6,VALLON CULTURE CINÉMA,1986,175,8512,6,"CULTURE, PRATIQUES D'ACTIVITÉS ARTISTIQUES, PRATIQUES CULTURELLES"
88,W031000300,2006-07-18,2006-07-18,2006-08-12,0001-01-01,S,"permettre la réalisation des initiatives et renforcer les liens entre personnes dans les domaines culturels, fêtes, loisirs, patrimoine, environnement et solidarité.",Mairie  ,3450,Chouvigny,A,24,ENSEMBLE AU PAYS DE CHOUVIGNY,2006,102,6223,24,"ENVIRONNEMENT,  CADRE DE VIE"
89,W033001093,2001-09-17,2001-09-17,2001-09-29,0001-01-01,S,Creer un club de supporters du racing club de vichy section rugby,Chez daniel's - bar tabac pmu 2   RUE bel air,3200,Vichy,A,11,'LES PASTILLOUS'  CLUB DES SUPPOR...,2001,139,19039,11,"SPORTS, ACTIVITÉS DE PLEIN AIR"
90,W032000711,1992-06-16,2015-11-19,1901-07-01,0001-01-01,S,Rassembler les personnels,COLLEGE CHARLES PEGUY 2   RUE PAPE CARPANTIER,3000,Moulins,A,23,AMICALE PERSONNELS COLLEGE C. PEGUY,1992,79,23005,23,"REPRÉSENTATION, PROMOTION ET DÉFENSE D'INTÉRÊTS ÉCONOMIQUES"
91,W032000640,2006-09-19,2006-09-19,2008-10-07,0001-01-01,S,"Toutes formes d'aides humanitaires au Liban, notamment aides aux écoles, aux instituts, aux familles, aux enfants, aux malades, aux handicapés et aux personnes âgées.",Chez Mlle Solange COLLAS   LD Pressoir-Ban,3210,Besson,A,20,"LE ""LOUPIOT"" DU LIBAN",2006,102,5317,20,"ASSOCIATIONS CARITATIVES, HUMANITAIRES, AIDE AU DÉVELOPPEMENT, DÉVELOPPEMENT DU BÉNÉVOLAT"
92,W032007087,2022-09-17,2022-09-17,2022-09-27,0001-01-01,S,réunir une communauté de personnes qui sont issues de lunivers des jeux vidéos,Résidence Anima 2 AV du Professeur Etienne Sorrel,3000,Moulins,A,7,DELZYION'LIFE,2022,144,18616,7,"CLUBS DE LOISIRS, RELATIONS"
93,W033002362,1977-06-13,2023-02-02,1977-06-02,0001-01-01,S,Organiser des festivites dans la commune de sorbier,Mairie,3220,Sorbier,A,9,COMITE DES FETES,1977,94,2080,9,ACTION SOCIOCULTURELLE
94,W031002052,2011-02-10,2023-01-16,2011-02-26,0001-01-01,S,"l'amitié, le respect et la solidarité entre moto et trike ; réunir et organiser des manifestations de toutes natures",mairie,3170,Chamblet,A,7,CRONY BAND,2011,22,13375,7,"CLUBS DE LOISIRS, RELATIONS"
95,W032001597,1994-03-22,2011-02-01,1994-04-06,0001-01-01,S,Orientation d'animation technique et de programme de formation et d'information activites necessites par la gestion du domaine des sallards,LD les Sallards,3400,Toulon-sur-Allier,A,17,ASSOCIATION DE GESTION DU DOMAINE D...,1994,144,8495,17,SANTÉ
96,W031002667,2004-07-09,2014-08-21,2004-07-31,2014-08-16,S,apprentissage de diverses danses mondiales ; organisation de spectacles mettant en pratique l'apprentissage prodigué,21 RUE Pierre Sémard,3100,Montluçon,D,6,ASSOCIATION CULTURELLE 'MULTIDANSES',2004,172,17020,6,"CULTURE, PRATIQUES D'ACTIVITÉS ARTISTIQUES, PRATIQUES CULTURELLES"
97,W033002407,1982-04-01,2017-05-04,1982-04-11,0001-01-01,S,Maintenir et renouveler la tradition equestre qui se perpetue dans l'agglomeration vichyssoise depuis l'annee 1887 ; encourager l'elevage et l'entrainement des chevaux de sport...,106/108 RUE Jean Jaurès,3200,Vichy,A,11,JOURNEES EQUESTRES DE L'AGGLOMERAT...,1982,193,23947,11,"SPORTS, ACTIVITÉS DE PLEIN AIR"
98,W033007341,2020-03-25,2020-03-25,2020-05-02,0001-01-01,S,"développement de jeux vidéo, sites web et applications",42 RUE Claude Labonde,3150,Varennes-sur-Allier,A,6,ROKWARE STUDIO,2020,70,27663,6,"CULTURE, PRATIQUES D'ACTIVITÉS ARTISTIQUES, PRATIQUES CULTURELLES"
99,W031002602,1974-06-18,2014-01-16,1974-07-09,0001-01-01,S,permettre la pratique du tennis et favoriser celle-ci en suscitant des liens d'amitié entre ses membres,1 PL de la Mairie,3450,Ébreuil,A,11,TENNIS CLUB D'EBREUIL,1974,98,23132,11,"SPORTS, ACTIVITÉS DE PLEIN AIR"
100,W031002414,2012-08-20,2022-04-04,2012-09-01,0001-01-01,S,mettre à disposition de ses adhérents un ou plusieurs salariés liés au groupement par un contrat de travail,72 CHEM1 des Vignes,3310,Villebret,A,30,GROUPEMENT D'EMPLOYEURS DE VILLEBRET,2012,30,3306,30,"AIDE À L'EMPLOI, DÉVELOPPEMENT LOCAL, PROMOTION DE SOLIDARITÉS ÉCONOMIQUES, VIE LOCALE"
101,W032007102,2022-10-05,2022-10-05,2022-10-11,0001-01-01,S,"faire partager la passion de la pêche, les savoirs et les connaissances des uns et des autres",5 B RUE des Cailles,3500,Saulcet,A,13,LES PECHAYOUX 03,2022,197,28411,13,CHASSE PÊCHE
102,W033003279,2012-12-14,2015-12-01,2012-12-22,0001-01-01,S,organisation d'évènements et toutes autres actions pour la promotion du Géocaching,Chalet Cantonal RUE Roger Dégoulange,3250,Le    Mayet-de-Montagne,A,50,MEGA EVENT GEOCACHING,2012,45,28959,50,"DOMAINES DIVERS, DOMAINES DE NOMENCLATURE SITADELE À RECLASSER"
103,W033001988,1995-05-16,2019-11-04,1995-05-31,0001-01-01,S,"Enseignement et pratique de l'art martial vietnamien viet vo dao, technique ou style son hai.",  MAIRIE,3120,Lapalisse,A,11,VIET VO DAO CLUB LAPALISSE,1995,187,21527,11,"SPORTS, ACTIVITÉS DE PLEIN AIR"
104,W033002494,2007-12-06,2010-09-28,2007-12-15,2010-08-25,S,"remettre de la vie dans le quartier (organisation de Noël, concours de belote, voyages, sorties organisées, vente de produits divers)",14   RUE Jean Moulin,3700,Bellerive-sur-Allier,D,30,REVEILLONS NOTRE QUARTIER,2007,26,19744,30,"AIDE À L'EMPLOI, DÉVELOPPEMENT LOCAL, PROMOTION DE SOLIDARITÉS ÉCONOMIQUES, VIE LOCALE"
105,W033002616,2008-05-06,2008-05-06,2008-05-24,0001-01-01,S,sensibiliser les usagers du permis B à la conduite de motocyclette légère de type permis A1 ainsi qu'à la sécurité,110   AV de Chazeuil,3150,Varennes-sur-Allier,A,36,BABY BIKE CLUB 125 VARENNOIS,2008,20,15153,36,"SÉCURITÉ, PROTECTION CIVILE"
106,W032001465,1980-08-20,2022-11-29,1980-08-30,0001-01-01,S,Favoriser le rapprochement entre jeunes hommes exercant des professions differentes promouvoir les plus hautes valeurs morales que civiques,BOURBON STREET 11 RUE de la Batterie,3000,Moulins,A,20,TABLE RONDE N° 188 MOULINS,1980,60,1966,20,"ASSOCIATIONS CARITATIVES, HUMANITAIRES, AIDE AU DÉVELOPPEMENT, DÉVELOPPEMENT DU BÉNÉVOLAT"
107,W032002683,2012-06-07,2012-06-07,2012-06-16,0001-01-01,S,création d'un pôle de santé autour d'une maison de santé pluridisciplinaire à Lurcy Levis,Maison de Pays 72 BD Gambetta,3320,Lurcy-Lévis,A,17,UNION POUR LA SANTE AU PAYS DE LEVIS,2012,11,17340,17,SANTÉ
108,W033002888,2009-11-17,2017-09-14,2009-11-28,0001-01-01,S,renforcer les liens d'amitié unissant les joueurs de l'Association Sportive Gannatoise (A.S.G.),Stade Roger Muyard,3800,Gannat,A,11,AMICALE DES JOUEURS DE RUGBY DE L'...,2009,178,17179,11,"SPORTS, ACTIVITÉS DE PLEIN AIR"
109,W031001387,1947-09-05,2014-10-02,1947-10-03,0001-01-01,S,"protection de la chasse, répression du braconnage",,3380,Treignat,A,7,SOCIETE DE CHASSE : LA PROTECTRICE,1947,115,19343,7,"CLUBS DE LOISIRS, RELATIONS"
110,W032002523,1960-06-25,2018-07-06,1961-03-16,0001-01-01,S,collecte de sang,,3210,Souvigny,A,17,ASSOCIATION POUR LE DON DE SANG BEN...,1960,101,15545,17,SANTÉ
111,W033002169,1995-03-16,1995-03-16,1995-05-17,0001-01-01,S,"Encourager et favoriser toutes activites associatives, sportives, culturelles, ludiques ou sociales par des interventions actives...",38 AV de Vichy,3700,Bellerive-sur-Allier,A,6,"ACTION, PROMOTION, INFORMATION, COM...",1995,71,22925,6,"CULTURE, PRATIQUES D'ACTIVITÉS ARTISTIQUES, PRATIQUES CULTURELLES"
112,W031002252,2000-06-15,2000-06-15,2000-07-08,0001-01-01,S,"promouvoir le ski nautique de haut niveau par des stages, competitions et diverses manifestations",20 RUE des Roses,3410,Saint-Victor,A,11,SKI FLY EXTREME,2000,151,3894,11,"SPORTS, ACTIVITÉS DE PLEIN AIR"
113,W031002881,2016-03-29,2017-12-15,2016-04-09,2017-12-01,S,"favoriser le développement de la solidarité et du lien social par le biais d'échanges de biens, de services et de savoir dans le respect de la charte d'adhésion",Mairie PL Jean Jaurès,3170,Doyet,D,14,SEL DU BASSIN MINIER,2016,151,7337,14,"AMICALES, GROUPEMENTS AFFINITAIRES, GROUPEMENTS D'ENTRAIDE (HORS DÉFENSE DE DROITS FONDAMENTAUX)"
114,W031001277,1988-05-24,2017-09-28,1901-07-01,0001-01-01,S,"Organiser, développer, en prolongement de l'éducation physique et sportive donnée pendant les heures de scolarité, l'initiation et la pratique sportives pour les élèves qui y adhèrent",,3380,Huriel,A,11,ASSOCIATION SPORTIVE DU COLLEGE D'...,1988,18,13757,11,"SPORTS, ACTIVITÉS DE PLEIN AIR"
115,W032000286,1982-10-20,2005-02-04,1982-10-29,0001-01-01,S,RADIO,CHATEAU BIGNON  ,3160,Bourbon-l'Archambault,A,5,ASSOC BOURBON.POUR COMMUNIC. NOUVEL..,1982,123,27158,5,INFORMATION COMMUNICATION
116,W032001800,1969-04-21,2011-02-21,1969-05-24,0001-01-01,S,"Organiser des spectacles, des réunions...",mairie le bourg,3230,Paray-le-Frésil,A,9,COMITE DES FETES DE PARAY LE FRESIL,1969,114,27981,9,ACTION SOCIOCULTURELLE
117,W033000397,2006-04-27,2006-04-27,2006-05-20,0001-01-01,S,"Développer et promouvoir l'art et la culture, la communication, le respect entre les jeunes et les moins jeunes de La Paz (Bolivie) et l'Auvergne (France).",6   RUE de l'Hôtel des Postes,3200,Vichy,A,9,LA SAYA,2006,60,20250,9,ACTION SOCIOCULTURELLE
118,W032001684,1992-08-27,2017-08-01,1901-07-01,0001-01-01,S,Developpement de l'accueil chez les ruraux des enfants des villes,mairie 7 RUE des écoles,3160,Saint-Aubin-le-Monial,A,34,LE PETIT CAMPAGNARD,1992,102,12513,34,TOURISME
119,W033001000,2002-04-02,2005-03-13,2002-04-20,0001-01-01,S,"Decouverte des sites des monts de la madeleine, du pays d'urfe, du bourbonnais, des monts fu forez, et des sites alentours mitoyens. Randonnées organisées avec encadrement.",Chez M. Gérard SACCANI   Croix Cognat,3250,Châtel-Montagne,A,34,4 X 4 ET QUAD VERTS,2002,193,15545,34,TOURISME
120,W031002712,2014-12-16,2019-11-22,2014-12-27,0001-01-01,S,échanges philosophiques,25 RUE d'Alembert,3100,Montluçon,A,2,APE 1332,2014,101,7415,2,"CLUBS, CERCLES DE RÉFLEXION"
121,W033007373,2020-08-07,2020-08-07,2020-08-22,0001-01-01,S,"identifier, rechercher, recenser, restaurer, entretenir, promouvoir le patrimoine et retracer l'histoire du village ; organiser des activités culturelles",Mairie Le bourg,3220,Trézelles,A,10,ASSOCIATION TRÉZELLOISE DU PATRIMOINE,2020,39,12515,10,PRÉSERVATION DU PATRIMOINE
122,W033007307,2020-01-09,2020-01-09,2020-01-18,0001-01-01,S,promouvoir les danses et les rencontres ; apprendre les danses entre les membres ; organiser des soirées dansantes et des festivals de danse ; organiser des cours de danse,La Vernière,3130,Loddes,A,6,LIFE DANCE,2020,34,20569,6,"CULTURE, PRATIQUES D'ACTIVITÉS ARTISTIQUES, PRATIQUES CULTURELLES"
123,W031001684,2010-03-02,2012-05-29,2010-03-20,2012-04-30,S,créer et réaliser des clips musicaux,4 bis RUE de la Réunion,3100,Montluçon,D,6,CLIP CLAP,2010,9,13027,6,"CULTURE, PRATIQUES D'ACTIVITÉS ARTISTIQUES, PRATIQUES CULTURELLES"
124,W033000404,2006-05-12,2006-05-12,2006-06-03,0001-01-01,S,Demonstration de poursuite automobile sur terre en UFOLEP - Manifestations diverses.,  Le Revers des Bois,3300,Cusset,A,11,"TEAM 03 ""CA GLISS""",2006,191,23328,11,"SPORTS, ACTIVITÉS DE PLEIN AIR"
125,W031002408,2012-07-20,2016-01-26,2012-07-28,0001-01-01,S,enseigner et encadrer la pratique de la discipline boxe thaï et disciplines assimilées,La halle des sports 1 RUE Champollion,3100,Montluçon,A,11,THAÏ BOXE MONTLUCONNAIS,2012,193,17779,11,"SPORTS, ACTIVITÉS DE PLEIN AIR"
126,W032001605,1989-01-10,2016-05-12,1989-02-15,0001-01-01,S,Promouvoir la recherche cardiologique et perfectionnement des praticiens,,3000,Moulins,A,17,CARDIO 2000,1989,94,17825,17,SANTÉ
127,W031006689,2022-09-27,2022-09-27,2022-10-04,0001-01-01,S,"promouvoir des musiques innovantes, alternatives et expérimentales via un lieu de diffusion ; programmer des groupes, accueillir des artistes en résidences et créer un micro-label",3 RUE du Faubourg du Pont,3190,Hérisson,A,6,BRUIT ROSE,2022,177,22772,6,"CULTURE, PRATIQUES D'ACTIVITÉS ARTISTIQUES, PRATIQUES CULTURELLES"
128,W031001497,1996-05-06,2021-11-09,1996-05-29,0001-01-01,S,"défendre le locataire lorsqu'il est dans son droit, l'aider dans la mesure de ses moyens,parlementer avec l'o.p.h.l.m et animer la cité en organisant des concours de pétanque,loto et voyages",62 RUE des Faucheroux,3100,Montluçon,A,14,AMICALE CGL DES LOCATAIRES,1996,26,7219,14,"AMICALES, GROUPEMENTS AFFINITAIRES, GROUPEMENTS D'ENTRAIDE (HORS DÉFENSE DE DROITS FONDAMENTAUX)"
129,W031001544,1949-05-03,2001-03-08,1949-05-15,0001-01-01,S,"organisation de fêtes, d'expositions, de manifestations sportives, culturelles ou artistiques",Mairie,3350,Cérilly,A,7,CERILLY LOISIRS ANIMATIONS,1949,30,28678,7,"CLUBS DE LOISIRS, RELATIONS"
130,W033001128,2001-05-23,2001-05-23,2001-06-23,0001-01-01,S,"Organisation de voyages, de marches et toutes activites de loisirs.",34   RTE de saint pourcain,3110,Charmeil,A,7,AMICALE NICOLE BARNABE,2001,188,16699,7,"CLUBS DE LOISIRS, RELATIONS"
131,W033000570,1999-12-16,2008-07-21,2000-01-15,2008-06-26,S,Créer des postes de travail destinés à des personnes en difficultés adressées par les prescripteurs à l'association.,23   RUE de Romainville,3300,Cusset,D,30,RECYPAL,1999,6,25567,30,"AIDE À L'EMPLOI, DÉVELOPPEMENT LOCAL, PROMOTION DE SOLIDARITÉS ÉCONOMIQUES, VIE LOCALE"
132,W033002653,2008-07-23,2008-07-23,2008-08-02,0001-01-01,S,organiser de manifestations conforme à la réglementation en vigueur afin d'aider l'Association Sportive Chassenard/Luneau,mairie   Le Bourg,3130,Luneau,A,11,AMICALE DU FOOT DE LUNEAU,2008,71,28922,11,"SPORTS, ACTIVITÉS DE PLEIN AIR"
133,W033001586,1997-06-02,2015-11-16,1997-07-05,0001-01-01,S,"organiser des manifestations telles que fêtes, bals, loto, jeux divers, manifestations culturelles, expositions artisanales ou artistiques,etc...animation de la commune en général",  MAIRIE,3120,Servilly,A,2,SERVILLY ANIMATION,1997,171,5541,2,"CLUBS, CERCLES DE RÉFLEXION"
134,W032002746,1970-11-03,2012-12-13,1970-11-19,2012-11-30,S,parent d'éleves,mairie,3460,Villeneuve-sur-Allier,D,15,ASSOCIATION LAIQUE DES PARENTS D'E...,1970,14,11704,15,ÉDUCATION  FORMATION
135,W033001313,1927-12-18,2015-07-29,1928-01-15,0001-01-01,S,Pratique du football,  MAIRIE,3270,Saint-Yorre,A,11,STADE SAINT-YORRAIS,1927,125,1085,11,"SPORTS, ACTIVITÉS DE PLEIN AIR"
136,W033002165,1959-10-21,2021-11-08,1959-11-11,0001-01-01,S,Servir un repas chaud aux enfants de l'école publique de Luneau dans un local spécialement aménagé à cet effet.,MAIRIE,3130,Luneau,A,22,CANTINE SCOLAIRE DE LUNEAU,1959,100,3805,22,CONDUITE D'ACTIVITÉS ÉCONOMIQUES
137,W032007148,2023-02-26,2023-02-26,2023-03-07,0001-01-01,S,secourir les enfants et adolescents orphelins et particulièrement ceux de l'association hondurienne «associacion comunión para los niños huerfanos»,15 CHEM1 des Petites Roches,3000,Avermes,A,20,LORPHLI,2023,121,28263,20,"ASSOCIATIONS CARITATIVES, HUMANITAIRES, AIDE AU DÉVELOPPEMENT, DÉVELOPPEMENT DU BÉNÉVOLAT"
138,W033002743,2009-01-15,2009-01-15,2009-01-24,0001-01-01,S,pratique hebdomadaire du théâtre de façon amicale et l'organisation de quelques représentations annuelles,18 RUE Marx Dormoy,3300,Cusset,A,6,L'ALTHEATRE,2009,70,12504,6,"CULTURE, PRATIQUES D'ACTIVITÉS ARTISTIQUES, PRATIQUES CULTURELLES"
139,W032003278,1996-04-15,2016-06-03,1996-05-01,2016-06-01,S,promouvoir les idees les pratiques d'echanges reciproques de savoirs entre les personnes en lien avec les reseaux existants et le mouvement des reseaux d'echanges de savoir,,3160,Franchesse,D,14,RESEAU D'ECHANGES RECIPROQUES DE S...,1996,98,16623,14,"AMICALES, GROUPEMENTS AFFINITAIRES, GROUPEMENTS D'ENTRAIDE (HORS DÉFENSE DE DROITS FONDAMENTAUX)"
140,W033004046,2018-01-18,2018-01-18,2018-01-27,0001-01-01,S,le développement d'une solution logicielle de gestion de l'entreprise distribuée sous licence gnu,chez Auto Pieces Cusset 13 RUE des Boulaires,3300,Cusset,A,23,LAURUX,2018,180,12209,23,"REPRÉSENTATION, PROMOTION ET DÉFENSE D'INTÉRÊTS ÉCONOMIQUES"
141,W033004121,2018-08-13,2023-06-18,2018-08-25,0001-01-01,S,préserver la forêt des colettes contre tout projet éolien ou tout autre projet qui nuirait à sa biodiversité et à son écosystème,Mairie 1 PL de l Ecole,3330,Coutansouze,A,24,PRÉSERVONS LA FORÊT DES COLETTES,2018,135,2951,24,"ENVIRONNEMENT,  CADRE DE VIE"
142,W033007699,2023-03-21,2023-03-21,2023-03-28,0001-01-01,S,le développement des liens culturels des kurdes et autres communautés ; le développement de toutes natures,3 RUE Voltaire,3200,Vichy,A,6,ASSOCIATION CULTURELLE POUR L'INSER...,2023,87,15943,6,"CULTURE, PRATIQUES D'ACTIVITÉS ARTISTIQUES, PRATIQUES CULTURELLES"
143,W031000283,2005-07-26,2006-10-11,2005-09-03,0001-01-01,U,"Coordonner et développer dans tous les secteurs, la défense des intérêts économiques, sociaux et moraux des retraités", ,3100,Montluçon,A,14,UNION DEPARTEMENTALE DES RETRAITES ...,2005,155,20865,14,"AMICALES, GROUPEMENTS AFFINITAIRES, GROUPEMENTS D'ENTRAIDE (HORS DÉFENSE DE DROITS FONDAMENTAUX)"
144,W031006608,2001-07-17,2022-03-29,2001-08-25,0001-01-01,S,organisation de chasse a tir et a courre ; organisation de rencontres conviviales de chasseurs,,3350,Le    Brethon,A,7,ASSOCIATION DE CHASSE 'VAUTRAIT BO...,2001,120,26063,7,"CLUBS DE LOISIRS, RELATIONS"
145,W033003092,1982-03-19,2011-05-19,1982-04-25,0001-01-01,S,organisation et animation des loisirs de la collectivite,,3120,Châtelus,A,7,COMITE DES FETES DE CHATELUS,1982,47,26110,7,"CLUBS DE LOISIRS, RELATIONS"
146,W032000574,2006-08-01,2006-08-01,2006-08-26,0001-01-01,S,Concrétisation (réalisation et production) de projets musicaux.,"Chez M. Adel AMZAD   Les Airelles, n° 69",3000,Moulins,A,6,CORZEAMUZIK,2006,194,3860,6,"CULTURE, PRATIQUES D'ACTIVITÉS ARTISTIQUES, PRATIQUES CULTURELLES"
147,W032000349,1965-01-14,2021-11-16,1965-02-06,0001-01-01,S,Foyer,MAIRIE 8   RUE MIRAMBELLE,3140,Chantelle,A,9,FOYER CULTUREL LAIC,1965,70,14518,9,ACTION SOCIOCULTURELLE
148,W033000525,1980-01-29,2022-02-14,1980-02-09,0001-01-01,S,"Creer, animer, developper les rencontres et les liens d'amitie entre les personnes agees",  SALLE DES FETES,3220,Saint-Léon,A,9,CLUB DU 3EME AGE LES BLES D'OR,1980,184,1039,9,ACTION SOCIOCULTURELLE
149,W032000819,2000-11-21,2022-09-05,2000-12-16,0001-01-01,S,Favoriser le développement et le contrôle de la pratique des activités physiques et sportives non compétitives ou du temps libre assimilé...,Mairie,3000,Neuvy,A,11,R.S.N.E.,2000,71,20353,11,"SPORTS, ACTIVITÉS DE PLEIN AIR"
150,W031000093,1945-12-31,2022-12-09,1946-01-24,0001-01-01,S,Developpement de la pratique du sport en devenant club omnisports, ,3100,Montluçon,A,11,BLANZAT SPORT MONTLUCON,1945,187,4100,11,"SPORTS, ACTIVITÉS DE PLEIN AIR"
151,W033000172,1993-04-21,2023-02-23,1993-05-12,0001-01-01,S,"Organiser la defense des interets des residants, sur toutes les questions concernant le probleme de l'habitat et de l'urbanisme.",le briandet 4 12   RUE du golf,3700,Bellerive-sur-Allier,A,32,AMICALE DES LOCATAIRES CGL DU GOLF,1993,12,21323,32,LOGEMENT
152,W033007392,2020-10-07,2020-10-07,2020-10-17,0001-01-01,S,"favoriser les échanges à travers un lieu ouvert au partage des richesses et des connaissances, à l'économie circulaire, au recyclage, à l'écologie, la protection de l'environnement et la culture",1 RTE de Laléger,3330,Bellenaves,A,2,PICUS RECYCLE ET PLUS,2020,155,16281,2,"CLUBS, CERCLES DE RÉFLEXION"
153,W031002930,1975-04-09,2016-08-03,1975-05-08,0001-01-01,S,développer la pratique du sport et susciter des liens d'amitié entre ses membres,Comité d'Etablissement SOCOPA RTE de Cosne,3430,Villefranche-d'Allier,A,11,CLUB SPORTIF FRANVIL,1975,152,18723,11,"SPORTS, ACTIVITÉS DE PLEIN AIR"
154,W033001776,1936-11-03,2018-05-16,0001-01-01,0001-01-01,S,Organisation de toutes manifestations conformement aux dispositions en vigueur., ,3220,Chavroches,A,9,COMITE DES FETES DE CHAVROCHES,1936,159,1810,9,ACTION SOCIOCULTURELLE
155,W033004132,2018-09-07,2018-09-07,2018-09-22,0001-01-01,S,accueillir des enfants dans une maison d'assistants maternels,RTE d'Espinasse,3110,Cognat-Lyonne,A,21,MLBC,2018,94,26585,21,"SERVICES FAMILIAUX, SERVICES AUX PERSONNES ÂGÉES"
156,W031001221,2008-10-31,2008-10-31,2009-01-31,0001-01-01,S,"réunir des personnes partageant dans le même esprit de tribu la volonté de faire des sorties, balades, rencontres, manifestations de toutes sortes, sportives ou non, motorisées ou non",Mairie 1 RUE victor hugo,3390,Montmarault,A,7,WOLF'KAN TRIBE SPIRIT,2008,32,8179,7,"CLUBS DE LOISIRS, RELATIONS"
157,W031002308,2011-11-25,2017-02-16,2011-12-10,0001-01-01,S,organiser les loisirs du personnel de la coopérative,,3330,Bellenaves,A,14,VAL'LIMAGNE.COOP,2011,184,12888,14,"AMICALES, GROUPEMENTS AFFINITAIRES, GROUPEMENTS D'ENTRAIDE (HORS DÉFENSE DE DROITS FONDAMENTAUX)"
158,W033002701,1968-11-25,2010-01-21,1968-12-21,0001-01-01,S,propager et défendre l'idéal laïque dépouillé de toute ingerence politique,Collège Jules Verne,3250,Le    Mayet-de-Montagne,A,15,APEL DU COLLEGE JULES VERNE,1968,64,11167,15,ÉDUCATION  FORMATION
159,W033002955,1969-07-03,2016-11-02,0001-01-01,0001-01-01,S,"soutenir et entraider les malades, les vieillards, les sinistres et les familles des donneurs de sang : organiser des loisirs.",Mairie,3130,Le    Bouchaud,A,20,AMICALE DES DONNEURS DE SANG BENEVO...,1969,79,10667,20,"ASSOCIATIONS CARITATIVES, HUMANITAIRES, AIDE AU DÉVELOPPEMENT, DÉVELOPPEMENT DU BÉNÉVOLAT"
160,W032000972,1999-06-30,2007-04-23,1999-07-17,0001-01-01,S,Groupement d'employeurs,,3000,Bressolles,A,14,GROUPEMENT D'EMPLOYEURS DES RACINES,1999,162,8227,14,"AMICALES, GROUPEMENTS AFFINITAIRES, GROUPEMENTS D'ENTRAIDE (HORS DÉFENSE DE DROITS FONDAMENTAUX)"
161,W033001958,1995-08-07,1995-08-08,0001-01-01,0001-01-01,S,"Accueillir et aider les personnes d2sireuses d4ameliorer leur qualite de vie par differents canaux educatifs, culturels, artistiques...", ,3800,Gannat,A,6,REGARD ET LUMIERE,1995,71,24125,6,"CULTURE, PRATIQUES D'ACTIVITÉS ARTISTIQUES, PRATIQUES CULTURELLES"
162,W033002425,1976-07-02,2021-01-28,1976-07-20,0001-01-01,S,Pratique de l'éducation physique et des sports.,Hotel de Ville BD de l'Hôtel de Ville,3120,Lapalisse,A,11,RUGBY-CLUB LAPALISSOIS,1976,186,27937,11,"SPORTS, ACTIVITÉS DE PLEIN AIR"
163,W031002188,1991-09-09,2019-05-27,1991-10-02,2019-06-01,S,"animer le village trois jours par semaine (mercredi,samedi et dimanche) et surtout donner une occupation sportive aux jeunes, actifs et retraites, et les maintenir dans le village",RUE de l'Eglise,3330,Naves,D,11,LA PETANQUE NAVOISE,1991,44,6260,11,"SPORTS, ACTIVITÉS DE PLEIN AIR"
164,W032002153,1991-02-14,2019-11-04,1991-03-06,0001-01-01,S,cultiver la science de l'esprit fonde par rudolf steiner; favoriser l'accès au fonds anthroposophique à toute personne qui le désire,Mairie PL de l'hôtel de ville,3160,Bourbon-l'Archambault,A,16,BRANCHE BERNARD DE CLAIRVAUX,1991,160,3667,16,RECHERCHE
165,W033007667,2023-01-16,2023-01-16,2023-01-24,0001-01-01,S,promouvoir les arts en général par des manifestations,13 RUE Desbrest,3200,Vichy,A,6,MARCHE DES ARTS VICHY,2023,148,19009,6,"CULTURE, PRATIQUES D'ACTIVITÉS ARTISTIQUES, PRATIQUES CULTURELLES"
166,W032006700,2019-01-11,2019-01-11,2019-01-19,0001-01-01,S,soutenir et accompagner la pratique musicale et toutes les activités pouvant y être rattachées,13 RUE Pape-Carpantier,3000,Moulins,A,6,FEELING 03,2019,86,21643,6,"CULTURE, PRATIQUES D'ACTIVITÉS ARTISTIQUES, PRATIQUES CULTURELLES"
167,W031001941,1979-12-26,2023-02-10,1980-01-10,0001-01-01,S,pratique du tennis,Mairie,3420,Marcillat-en-Combraille,A,11,TENNIS CLUB DE MARCILLAT,1979,17,10721,11,"SPORTS, ACTIVITÉS DE PLEIN AIR"
168,W032000244,2005-07-19,2021-07-14,1901-07-01,2021-06-29,S,"Rassembler tous les médecins généralistes exerçant ou ayant exercé ehn hôpital local, promouvoir et sauvegarder la place du médecin généraliste exerçant en hôpital local...",Hopital Local Coeur du Bourbonnais 43   RUE des Fossés,3500,Saint-Pourçain-sur-Sioule,D,17,ASSOC NATMEDECINS GENER HOPITAUX LOC.,2005,85,14521,17,SANTÉ
169,W033000359,2000-10-11,2009-02-18,2000-11-04,2009-02-17,S,Permettre la participation de benevoles a l'amelioration du confort des residents de la maison de retraite pierre masseboeuf de bellerive/allier,Maison de Retraite Pierre Masseboeuf   CHEM1 des Tribles,3700,Bellerive-sur-Allier,D,21,HARMONIE,2000,107,24555,21,"SERVICES FAMILIAUX, SERVICES AUX PERSONNES ÂGÉES"
170,W032003292,1986-10-23,2023-04-27,1986-11-05,0001-01-01,S,"organiser et developper des activites dans le domaine social, culturel, sportif et de loisirs au benefice des agents en activite ou en retraite du ministere",D.D.T. 03 51 BD,3400,Yzeure,A,23,A.S.M.A.,1986,150,11684,23,"REPRÉSENTATION, PROMOTION ET DÉFENSE D'INTÉRÊTS ÉCONOMIQUES"
171,W031002377,2012-04-17,2012-04-17,2012-04-28,0001-01-01,S,permettre de développer et d'équilibrer harmonieusement le visage et le corps,33 RUE des Pensées,3100,Montluçon,A,17,ENERGIA VITALIS,2012,39,15585,17,SANTÉ
172,W031001227,2003-04-18,2018-11-19,2003-05-31,0001-01-01,S,Favoriser les échanges et la qualité de vie des adhérents,56 RTE de Vaux,3410,Saint-Victor,A,14,ASS. RIVERAINS ET AMIS DE PERREGUINES,2003,78,28070,14,"AMICALES, GROUPEMENTS AFFINITAIRES, GROUPEMENTS D'ENTRAIDE (HORS DÉFENSE DE DROITS FONDAMENTAUX)"
173,W031000131,1969-06-03,2014-02-26,1984-06-22,0001-01-01,F,"Apporter une aide technique, culturelle et administrative aux maisons de jeunes et assurer une liaison permanente entre elles",8   RUE du Général Mairal,3100,Montluçon,A,9,FEDERATION REGIONALE DES MAISONS DE...,1969,39,3936,9,ACTION SOCIOCULTURELLE
174,W033003167,2012-01-09,2012-01-09,2012-01-21,0001-01-01,S,pratiquer les arts martiaux et la culture asiatique,32 RUE de Moulins,3260,Saint-Germain-des-Fossés,A,11,ASSOCIATION WING CHUN,2012,160,28108,11,"SPORTS, ACTIVITÉS DE PLEIN AIR"
175,W033002227,1967-11-02,2023-01-18,1967-11-23,0001-01-01,S,"Soutenir et entraider les familles de donneurs de sang, les malades, les vieillards, les sinistres",SALLE DE REUNIONS MAIRIE,3130,Saint-Léger-sur-Vouzance,A,17,AMICALE DES DONNEURS DE SANG BENEVO...,1967,65,12093,17,SANTÉ
176,W033003238,2012-08-13,2012-08-13,2012-08-25,0001-01-01,S,"créer, animer, organiser toutes manifestations sous quelques formes que ce soit en faveur des pays d'Afrique",28 RUE Curie,3700,Bellerive-sur-Allier,A,20,COEUR D'AFRIQUE,2012,183,7704,20,"ASSOCIATIONS CARITATIVES, HUMANITAIRES, AIDE AU DÉVELOPPEMENT, DÉVELOPPEMENT DU BÉNÉVOLAT"
177,W031000618,2005-12-13,2011-12-12,2006-01-14,0001-01-01,S,organiser la pratique mixte du volley-ball en loisir.,,3350,Cérilly,A,11,VOLLEY-BALL CLUB CERILLOIS,2005,142,13539,11,"SPORTS, ACTIVITÉS DE PLEIN AIR"
178,W031002340,2012-02-01,2012-02-01,2012-02-11,0001-01-01,S,la restauration du patrimoine industriel du 20ème siècle,90 RUE des Ecoles,3600,Commentry,A,10,AUTO MOTO RETRO COMMENTRYEN,2012,83,26659,10,PRÉSERVATION DU PATRIMOINE
179,W033002757,1980-11-21,2023-03-20,1980-12-09,0001-01-01,S,Promouvoir et animer les festivités locales,Mairie Le Bourg,3130,Liernolles,A,9,COMITE DES FETES,1980,43,2182,9,ACTION SOCIOCULTURELLE
180,W032000211,2000-10-17,2019-12-18,2000-11-11,2019-11-23,S,Sport auto courses de poursuite,mairie   COUR2 Geneviève Huillier,3210,Souvigny,D,11,BOURBONNAIS SPORT AUTO 03,2000,147,6355,11,"SPORTS, ACTIVITÉS DE PLEIN AIR"
181,W033002954,2010-05-06,2012-06-28,2010-06-05,2012-05-01,S,"pratique de tous travaux d'aiguilles, tricot, crochet, couture, points comptés",,3120,Le  Breuil,D,7,LA PASSION DU FIL ET DES AIGUILLES,2010,168,5916,7,"CLUBS DE LOISIRS, RELATIONS"
182,W033000266,2003-10-06,2004-11-03,2004-11-27,0001-01-01,S,Pratique du tennis. Organisation de tournois.,  IMP des Turiers,3300,Creuzier-le-Neuf,A,11,A.S. TURIERS-TENNIS-TOUNOIS,2003,15,10258,11,"SPORTS, ACTIVITÉS DE PLEIN AIR"
183,W032007114,2022-11-07,2022-11-07,2022-11-15,0001-01-01,S,fédérer les étudiants d'un même établissement,Ifi 03 - Bde 11 RTE de Paris,3000,Avermes,A,15,BDE,2022,119,6138,15,ÉDUCATION  FORMATION
184,W032003340,2016-10-28,2016-10-28,2016-11-26,0001-01-01,S,fédérer les étudiants de l'ESPE Moulins-Clermont-Auvergne ; mettre en place des partenariats avec d'autres établissements scolaires,Bureau B9 - ESPE Moulins 28 RUE des Geais,3000,Moulins,A,15,LES PPIB,2016,171,8125,15,ÉDUCATION  FORMATION
185,W033002124,1978-04-14,2006-10-26,1978-04-29,0001-01-01,S,Pratique du tennis et de l'education physique,MAIRIE,3260,Billy,A,11,TENNIS CLUB BILLYSSOIS,1978,43,24458,11,"SPORTS, ACTIVITÉS DE PLEIN AIR"
186,W033007566,2022-03-22,2022-06-29,2022-03-29,0001-01-01,S,"enseigner, entraîner, promouvoir et développer le rugby à 7 en fauteuil",Espace du Parc CTRE Omnisport,3206,Vichy Cedex,A,11,AVR,2022,51,14755,11,"SPORTS, ACTIVITÉS DE PLEIN AIR"
187,W032002477,1991-05-03,2011-03-02,1991-05-29,2011-02-23,S,vulgariser la pratique du vtt,,3290,Dompierre-sur-Besbre,D,11,V.T.T. EVASION,1991,62,25903,11,"SPORTS, ACTIVITÉS DE PLEIN AIR"
188,W031003221,2018-02-05,2018-02-05,2018-02-17,0001-01-01,S,"réunir un groupe de personnes afin de partager des expériences, d'entretenir des relations, de favoriser des rencontres humaines autour d'activités de loisirs, de sport, de voyages et de bricolage",25 RUE de Beau Rivage,3100,Lavault-Sainte-Anne,A,6,TOMUACH,2018,184,6164,6,"CULTURE, PRATIQUES D'ACTIVITÉS ARTISTIQUES, PRATIQUES CULTURELLES"
189,W031001096,1990-01-22,2021-01-11,1990-02-21,0001-01-01,S,apporter une aide aux défavorisés en France et dans le monde suivant les statuts du S.P.F;,"3 RUE du 1er Mai Espace ""arc en ciel""",3600,Commentry,A,20,SECOURS POPULAIRE FRANCAIS COMITE D...,1990,102,5286,20,"ASSOCIATIONS CARITATIVES, HUMANITAIRES, AIDE AU DÉVELOPPEMENT, DÉVELOPPEMENT DU BÉNÉVOLAT"
190,W032002515,1964-05-26,2011-06-01,0001-01-01,2011-05-31,S,pratique du football,,3210,Besson,D,11,BALLON BESSONNAIS,1964,60,24213,11,"SPORTS, ACTIVITÉS DE PLEIN AIR"
191,W032000502,2000-05-24,2020-10-26,2000-06-17,0001-01-01,S,"Association culturelles comprenant 4 activités: théâtre, chant, danse et jeux ""pyramide""",mairie  ,3460,Trévol,A,7,ASTRE 2000,2000,180,2631,7,"CLUBS DE LOISIRS, RELATIONS"
192,W032001565,1986-11-17,2005-12-01,1986-12-03,0001-01-01,S,Organiser developper en prolongement de l'education physique et sportive donnee pendant les heures de scolarite a l'initiation et la pratique sportives,,3000,Neuvy,A,11,ASSOCIATION SPORTIVE DU LEP AGRICOL...,1986,120,2207,11,"SPORTS, ACTIVITÉS DE PLEIN AIR"
193,W031002231,2000-03-21,2001-10-23,2000-04-15,0001-01-01,S,actions humanitaires dans le but de nourrir et scolariser les enfants francophones du tiers monde,36 RUE Lucas de Nehou,3100,Montluçon,A,20,PLANETE HARMONIE,2000,143,10554,20,"ASSOCIATIONS CARITATIVES, HUMANITAIRES, AIDE AU DÉVELOPPEMENT, DÉVELOPPEMENT DU BÉNÉVOLAT"
194,W031002471,2013-01-31,2022-02-02,2013-02-16,0001-01-01,S,"découverte et progression entre ses membres de l'art du dessin, de l'aquarelle et de l'acrylique",20 RUE de Blanzat,3100,Montluçon,A,6,LES TUBES DE COULEUR,2013,113,2181,6,"CULTURE, PRATIQUES D'ACTIVITÉS ARTISTIQUES, PRATIQUES CULTURELLES"
195,W033002160,1986-10-29,2022-09-06,1986-11-12,0001-01-01,S,"Permettre de pratiquer des activites telles que bridge, echec, scrabble, sorties champetres, repas amicaux",Maison des Associations PL de l'Hôtel de Ville,3200,Vichy,A,7,BRIDGE CLUB VICHYSSOIS,1986,7,18403,7,"CLUBS DE LOISIRS, RELATIONS"
196,W031002187,1969-06-25,2011-04-22,1969-07-26,0001-01-01,S,défense des droits des anciens combattants de la résistance et aide aux résistants nécessiteux,Mairie,3410,Domérat,A,38,COMITE DE L'ASSOCIATION NATIONALE DES,1969,59,13247,38,"ARMÉE (DONT  PRÉPARATION MILITAIRE, MÉDAILLES), ANCIENS COMBATTANTS"
